Workbook

Sheet Contracts
B1: 17 | D1: Alan | G1: Fish | J1: Brock | M1: Chris N | P1: Chris S | S1: Devin | V1: John | Y1: Jon | AB1: Kevin | AE1: Evan | AH1: Matt | AK1: Mu | AN1: Mo | AQ1: Steve
A3: =CONCATENATE(B1+2008," Budget") | B3: 16
A4: =CONCATENATE(B1+2008," Budg.") | D4: ='AC (Dumpster Fires)'!K27 | G4: ='AW (Minor)'!$K$27 | J4: ='BL (Brockasauras)'!$K$27 | M4: ='CN (Nygaardians)'!$K$27 | P4: ='CS (Shag Dawgs)'!$K$27 | S4: ='DC (Cliff Lee Was Here)'!$K$27 | V4: ='JM (JMoney)'!$K$27 | Y4: ='JJ (metropolitans)'!$K$27 | AB4: ='KJ (Stat Sandwich)'!$K$27 | AE4: ='EP (Winning De)'!$K$27 | AH4: ='MB (Beckers Wreckers)'!$K$27 | AK4: ='MH (sabermutrics)'!$K$27 | AN4: ='MT (Tradezilla)'!$K$27 | AQ4: ='SM (Dawsyn)'!$K$27
A6: Contracts | D6: =IF('AC (Dumpster Fires)'!$Y$6>2006+$B$1,'AC (Dumpster Fires)'!$O$6,"") | G6: =IF('AW (Minor)'!$Y$6>2006+$B$1,'AW (Minor)'!$O$6,"") | J6: =IF('BL (Brockasauras)'!$Y$6>2006+$B$1,'BL (Brockasauras)'!$O$6,"") | M6: =IF('CN (Nygaardians)'!$Y$6>2006+$B$1,'CN (Nygaardians)'!$O$6,"") | P6: =IF('CS (Shag Dawgs)'!$Y$6>2006+$B$1,'CS (Shag Dawgs)'!$O$6,"") | S6: =IF('DC (Cliff Lee Was Here)'!$Y$6>2006+$B$1,'DC (Cliff Lee Was Here)'!$O$6,"") | V6: =IF('JM (JMoney)'!$Y$6>2006+$B$1,'JM (JMoney)'!$O$6,"") | Y6: =IF('JJ (metropolitans)'!$Y$6>2006+$B$1,'JJ (metropolitans)'!$O$6,"") | AB6: =IF('KJ (Stat Sandwich)'!$Y$6>2006+$B$1,'KJ (Stat Sandwich)'!$O$6,"") | AE6: =IF('EP (Winning De)'!$Y$6>2006+$B$1,'EP (Winning De)'!$O$6,"") | AH6: =IF('MB (Beckers Wreckers)'!$Y$6>2006+$B$1,'MB (Beckers Wreckers)'!$O$6,"") | AK6: =IF('MH (sabermutrics)'!$Y$6>2006+$B$1,'MH (sabermutrics)'!$O$6,"") | AN6: =IF('MT (Tradezilla)'!$Y$6>2006+$B$1,'MT (Tradezilla)'!$O$6,"") | AQ6: =IF('SM (Dawsyn)'!$Y$6>2006+$B$1,'SM (Dawsyn)'!$O$6,"")
D7: =IF('AC (Dumpster Fires)'!$Y$6>2006+$B$1,'AC (Dumpster Fires)'!$AA$6,"") | E7: =IF('AC (Dumpster Fires)'!$Y$6>2006+$B$1,'AC (Dumpster Fires)'!$Y$6,"") | G7: =IF('AW (Minor)'!$Y$6>2006+$B$1,'AW (Minor)'!$AA$6,"") | H7: =IF('AW (Minor)'!$Y$6>2006+$B$1,'AW (Minor)'!$Y$6,"") | J7: =IF('BL (Brockasauras)'!$Y$6>2006+$B$1,'BL (Brockasauras)'!$AA$6,"") | K7: =IF('BL (Brockasauras)'!$Y$6>2006+$B$1,'BL (Brockasauras)'!$Y$6,"") | M7: =IF('CN (Nygaardians)'!$Y$6>2006+$B$1,'CN (Nygaardians)'!$AA$6,"") | N7: =IF('CN (Nygaardians)'!$Y$6>2006+$B$1,'CN (Nygaardians)'!$Y$6,"") | P7: =IF('CS (Shag Dawgs)'!$Y$6>2006+$B$1,'CS (Shag Dawgs)'!$AA$6,"") | Q7: =IF('CS (Shag Dawgs)'!$Y$6>2006+$B$1,'CS (Shag Dawgs)'!$Y$6,"") | S7: =IF('DC (Cliff Lee Was Here)'!$Y$6>2006+$B$1,'DC (Cliff Lee Was Here)'!$AA$6,"") | T7: =IF('DC (Cliff Lee Was Here)'!$Y$6>2006+$B$1,'DC (Cliff Lee Was Here)'!$Y$6,"") | V7: =IF('JM (JMoney)'!$Y$6>2006+$B$1,'JM (JMoney)'!$AA$6,"") | W7: =IF('JM (JMoney)'!$Y$6>2006+$B$1,'JM (JMoney)'!$Y$6,"") | Y7: =IF('JJ (metropolitans)'!$Y$6>2006+$B$1,'JJ (metropolitans)'!$AA$6,"") | Z7: =IF('JJ (metropolitans)'!$Y$6>2006+$B$1,'JJ (metropolitans)'!$Y$6,"") | AB7: =IF('KJ (Stat Sandwich)'!$Y$6>2006+$B$1,'KJ (Stat Sandwich)'!$AA$6,"") | AC7: =IF('KJ (Stat Sandwich)'!$Y$6>2006+$B$1,'KJ (Stat Sandwich)'!$Y$6,"") | AE7: =IF('EP (Winning De)'!$Y$6>2006+$B$1,'EP (Winning De)'!$AA$6,"") | AF7: =IF('EP (Winning De)'!$Y$6>2006+$B$1,'EP (Winning De)'!$Y$6,"") | AH7: =IF('MB (Beckers Wreckers)'!$Y$6>2006+$B$1,'MB (Beckers Wreckers)'!$AA$6,"") | AI7: =IF('MB (Beckers Wreckers)'!$Y$6>2006+$B$1,'MB (Beckers Wreckers)'!$Y$6,"") | AK7: =IF('MH (sabermutrics)'!$Y$6>2006+$B$1,'MH (sabermutrics)'!$AA$6,"") | AL7: =IF('MH (sabermutrics)'!$Y$6>2006+$B$1,'MH (sabermutrics)'!$Y$6,"") | AN7: =IF('MT (Tradezilla)'!$Y$6>2006+$B$1,'MT (Tradezilla)'!$AA$6,"") | AO7: =IF('MT (Tradezilla)'!$Y$6>2006+$B$1,'MT (Tradezilla)'!$Y$6,"") | AQ7: =IF('SM (Dawsyn)'!$Y$6>2006+$B$1,'SM (Dawsyn)'!$AA$6,"") | AR7: =IF('SM (Dawsyn)'!$Y$6>2006+$B$1,'SM (Dawsyn)'!$Y$6,"")
D8: =IF('AC (Dumpster Fires)'!$Y$9>2006+$B$1,'AC (Dumpster Fires)'!$O$9,"") | G8: =IF('AW (Minor)'!$Y$9>2006+$B$1,'AW (Minor)'!$O$9,"") | J8: =IF('BL (Brockasauras)'!$Y$9>2006+$B$1,'BL (Brockasauras)'!$O$9,"") | M8: =IF('CN (Nygaardians)'!$Y$9>2006+$B$1,'CN (Nygaardians)'!$O$9,"") | P8: =IF('CS (Shag Dawgs)'!$Y$9>2006+$B$1,'CS (Shag Dawgs)'!$O$9,"") | S8: =IF('DC (Cliff Lee Was Here)'!$Y$9>2006+$B$1,'DC (Cliff Lee Was Here)'!$O$9,"") | V8: =IF('JM (JMoney)'!$Y$9>2006+$B$1,'JM (JMoney)'!$O$9,"") | Y8: =IF('JJ (metropolitans)'!$Y$9>2006+$B$1,'JJ (metropolitans)'!$O$9,"") | AB8: =IF('KJ (Stat Sandwich)'!$Y$9>2006+$B$1,'KJ (Stat Sandwich)'!$O$9,"") | AE8: =IF('EP (Winning De)'!$Y$9>2006+$B$1,'EP (Winning De)'!$O$9,"") | AH8: =IF('MB (Beckers Wreckers)'!$Y$9>2006+$B$1,'MB (Beckers Wreckers)'!$O$9,"") | AK8: =IF('MH (sabermutrics)'!$Y$9>2006+$B$1,'MH (sabermutrics)'!$O$9,"") | AN8: =IF('MT (Tradezilla)'!$Y$9>2006+$B$1,'MT (Tradezilla)'!$O$9,"") | AQ8: =IF('SM (Dawsyn)'!$Y$9>2006+$B$1,'SM (Dawsyn)'!$O$9,"")
D9: =IF('AC (Dumpster Fires)'!$Y$9>2006+$B$1,'AC (Dumpster Fires)'!$AA$9,"") | E9: =IF('AC (Dumpster Fires)'!$Y$9>2006+$B$1,'AC (Dumpster Fires)'!$Y$9,"") | G9: =IF('AW (Minor)'!$Y$9>2006+$B$1,'AW (Minor)'!$AA$9,"") | H9: =IF('AW (Minor)'!$Y$9>2006+$B$1,'AW (Minor)'!$Y$9,"") | J9: =IF('BL (Brockasauras)'!$Y$9>2006+$B$1,'BL (Brockasauras)'!$AA$9,"") | K9: =IF('BL (Brockasauras)'!$Y$9>2006+$B$1,'BL (Brockasauras)'!$Y$9,"") | M9: =IF('CN (Nygaardians)'!$Y$9>2006+$B$1,'CN (Nygaardians)'!$AA$9,"") | N9: =IF('CN (Nygaardians)'!$Y$9>2006+$B$1,'CN (Nygaardians)'!$Y$9,"") | P9: =IF('CS (Shag Dawgs)'!$Y$9>2006+$B$1,'CS (Shag Dawgs)'!$AA$9,"") | Q9: =IF('CS (Shag Dawgs)'!$Y$9>2006+$B$1,'CS (Shag Dawgs)'!$Y$9,"") | S9: =IF('DC (Cliff Lee Was Here)'!$Y$9>2006+$B$1,'DC (Cliff Lee Was Here)'!$AA$9,"") | T9: =IF('DC (Cliff Lee Was Here)'!$Y$9>2006+$B$1,'DC (Cliff Lee Was Here)'!$Y$9,"") | V9: =IF('JM (JMoney)'!$Y$9>2006+$B$1,'JM (JMoney)'!$AA$9,"") | W9: =IF('JM (JMoney)'!$Y$9>2006+$B$1,'JM (JMoney)'!$Y$9,"") | Y9: =IF('JJ (metropolitans)'!$Y$9>2006+$B$1,'JJ (metropolitans)'!$AA$9,"") | Z9: =IF('JJ (metropolitans)'!$Y$9>2006+$B$1,'JJ (metropolitans)'!$Y$9,"") | AB9: =IF('KJ (Stat Sandwich)'!$Y$9>2006+$B$1,'KJ (Stat Sandwich)'!$AA$9,"") | AC9: =IF('KJ (Stat Sandwich)'!$Y$9>2006+$B$1,'KJ (Stat Sandwich)'!$Y$9,"") | AE9: =IF('EP (Winning De)'!$Y$9>2006+$B$1,'EP (Winning De)'!$AA$9,"") | AF9: =IF('EP (Winning De)'!$Y$9>2006+$B$1,'EP (Winning De)'!$Y$9,"") | AH9: =IF('MB (Beckers Wreckers)'!$Y$9>2006+$B$1,'MB (Beckers Wreckers)'!$AA$9,"") | AI9: =IF('MB (Beckers Wreckers)'!$Y$9>2006+$B$1,'MB (Beckers Wreckers)'!$Y$9,"") | AK9: =IF('MH (sabermutrics)'!$Y$9>2006+$B$1,'MH (sabermutrics)'!$AA$9,"") | AL9: =IF('MH (sabermutrics)'!$Y$9>2006+$B$1,'MH (sabermutrics)'!$Y$9,"") | AN9: =IF('MT (Tradezilla)'!$Y$9>2006+$B$1,'MT (Tradezilla)'!$AA$9,"") | AO9: =IF('MT (Tradezilla)'!$Y$9>2006+$B$1,'MT (Tradezilla)'!$Y$9,"") | AQ9: =IF('SM (Dawsyn)'!$Y$9>2006+$B$1,'SM (Dawsyn)'!$AA$9,"") | AR9: =IF('SM (Dawsyn)'!$Y$9>2006+$B$1,'SM (Dawsyn)'!$Y$9,"")
D10: =IF('AC (Dumpster Fires)'!$Y$12>2006+$B$1,'AC (Dumpster Fires)'!$O$12,"") | G10: =IF('AW (Minor)'!$Y$12>2006+$B$1,'AW (Minor)'!$O$12,"") | J10: =IF('BL (Brockasauras)'!$Y$12>2006+$B$1,'BL (Brockasauras)'!$O$12,"") | M10: =IF('CN (Nygaardians)'!$Y$12>2006+$B$1,'CN (Nygaardians)'!$O$12,"") | P10: =IF('CS (Shag Dawgs)'!$Y$12>2006+$B$1,'CS (Shag Dawgs)'!$O$12,"") | S10: =IF('DC (Cliff Lee Was Here)'!$Y$12>2006+$B$1,'DC (Cliff Lee Was Here)'!$O$12,"") | V10: =IF('JM (JMoney)'!$Y$12>2006+$B$1,'JM (JMoney)'!$O$12,"") | Y10: =IF('JJ (metropolitans)'!$Y$12>2006+$B$1,'JJ (metropolitans)'!$O$12,"") | AB10: =IF('KJ (Stat Sandwich)'!$Y$12>2006+$B$1,'KJ (Stat Sandwich)'!$O$12,"") | AE10: =IF('EP (Winning De)'!$Y$12>2006+$B$1,'EP (Winning De)'!$O$12,"") | AH10: =IF('MB (Beckers Wreckers)'!$Y$12>2006+$B$1,'MB (Beckers Wreckers)'!$O$12,"") | AK10: =IF('MH (sabermutrics)'!$Y$12>2006+$B$1,'MH (sabermutrics)'!$O$12,"") | AN10: =IF('MT (Tradezilla)'!$Y$12>2006+$B$1,'MT (Tradezilla)'!$O$12,"") | AQ10: =IF('SM (Dawsyn)'!$Y$12>2006+$B$1,'SM (Dawsyn)'!$O$12,"")
D11: =IF('AC (Dumpster Fires)'!$Y$12>2006+$B$1,'AC (Dumpster Fires)'!$AA$12,"") | E11: =IF('AC (Dumpster Fires)'!$Y$12>2006+$B$1,'AC (Dumpster Fires)'!$Y$12,"") | G11: =IF('AW (Minor)'!$Y$12>2006+$B$1,'AW (Minor)'!$AA$12,"") | H11: =IF('AW (Minor)'!$Y$12>2006+$B$1,'AW (Minor)'!$Y$12,"") | J11: =IF('BL (Brockasauras)'!$Y$12>2006+$B$1,'BL (Brockasauras)'!$AA$12,"") | K11: =IF('BL (Brockasauras)'!$Y$12>2006+$B$1,'BL (Brockasauras)'!$Y$12,"") | M11: =IF('CN (Nygaardians)'!$Y$12>2006+$B$1,'CN (Nygaardians)'!$AA$12,"") | N11: =IF('CN (Nygaardians)'!$Y$12>2006+$B$1,'CN (Nygaardians)'!$Y$12,"") | P11: =IF('CS (Shag Dawgs)'!$Y$12>2006+$B$1,'CS (Shag Dawgs)'!$AA$12,"") | Q11: =IF('CS (Shag Dawgs)'!$Y$12>2006+$B$1,'CS (Shag Dawgs)'!$Y$12,"") | S11: =IF('DC (Cliff Lee Was Here)'!$Y$12>2006+$B$1,'DC (Cliff Lee Was Here)'!$AA$12,"") | T11: =IF('DC (Cliff Lee Was Here)'!$Y$12>2006+$B$1,'DC (Cliff Lee Was Here)'!$Y$12,"") | V11: =IF('JM (JMoney)'!$Y$12>2006+$B$1,'JM (JMoney)'!$AA$12,"") | W11: =IF('JM (JMoney)'!$Y$12>2006+$B$1,'JM (JMoney)'!$Y$12,"") | Y11: =IF('JJ (metropolitans)'!$Y$12>2006+$B$1,'JJ (metropolitans)'!$AA$12,"") | Z11: =IF('JJ (metropolitans)'!$Y$12>2006+$B$1,'JJ (metropolitans)'!$Y$12,"") | AB11: =IF('KJ (Stat Sandwich)'!$Y$12>2006+$B$1,'KJ (Stat Sandwich)'!$AA$12,"") | AC11: =IF('KJ (Stat Sandwich)'!$Y$12>2006+$B$1,'KJ (Stat Sandwich)'!$Y$12,"") | AE11: =IF('EP (Winning De)'!$Y$12>2006+$B$1,'EP (Winning De)'!$AA$12,"") | AF11: =IF('EP (Winning De)'!$Y$12>2006+$B$1,'EP (Winning De)'!$Y$12,"") | AH11: =IF('MB (Beckers Wreckers)'!$Y$12>2006+$B$1,'MB (Beckers Wreckers)'!$AA$12,"") | AI11: =IF('MB (Beckers Wreckers)'!$Y$12>2006+$B$1,'MB (Beckers Wreckers)'!$Y$12,"") | AK11: =IF('MH (sabermutrics)'!$Y$12>2006+$B$1,'MH (sabermutrics)'!$AA$12,"") | AL11: =IF('MH (sabermutrics)'!$Y$12>2006+$B$1,'MH (sabermutrics)'!$Y$12,"") | AN11: =IF('MT (Tradezilla)'!$Y$12>2006+$B$1,'MT (Tradezilla)'!$AA$12,"") | AO11: =IF('MT (Tradezilla)'!$Y$12>2006+$B$1,'MT (Tradezilla)'!$Y$12,"") | AQ11: =IF('SM (Dawsyn)'!$Y$12>2006+$B$1,'SM (Dawsyn)'!$AA$12,"") | AR11: =IF('SM (Dawsyn)'!$Y$12>2006+$B$1,'SM (Dawsyn)'!$Y$12,"")
D12: =IF('AC (Dumpster Fires)'!$Y$15>2006+$B$1,'AC (Dumpster Fires)'!$O$15,"") | G12: =IF('AW (Minor)'!$Y$15>2006+$B$1,'AW (Minor)'!$O$15,"") | J12: =IF('BL (Brockasauras)'!$Y$15>2006+$B$1,'BL (Brockasauras)'!$O$15,"") | M12: =IF('CN (Nygaardians)'!$Y$12>2006+$B$1,'CN (Nygaardians)'!$O$15,"") | P12: =IF('CS (Shag Dawgs)'!$Y$15>2006+$B$1,'CS (Shag Dawgs)'!$O$15,"") | S12: =IF('DC (Cliff Lee Was Here)'!$Y$15>2006+$B$1,'DC (Cliff Lee Was Here)'!$O$15,"") | V12: =IF('JM (JMoney)'!$Y$15>2006+$B$1,'JM (JMoney)'!$O$15,"") | Y12: =IF('JJ (metropolitans)'!$Y$15>2006+$B$1,'JJ (metropolitans)'!$O$15,"") | AB12: =IF('KJ (Stat Sandwich)'!$Y$15>2006+$B$1,'KJ (Stat Sandwich)'!$O$15,"") | AE12: =IF('EP (Winning De)'!$Y$15>2006+$B$1,'EP (Winning De)'!$O$15,"") | AH12: =IF('MB (Beckers Wreckers)'!$Y$15>2006+$B$1,'MB (Beckers Wreckers)'!$O$15,"") | AK12: =IF('MH (sabermutrics)'!$Y$15>2006+$B$1,'MH (sabermutrics)'!$O$15,"") | AN12: =IF('MT (Tradezilla)'!$Y$15>2006+$B$1,'MT (Tradezilla)'!$O$15,"") | AQ12: =IF('SM (Dawsyn)'!$Y$15>2006+$B$1,'SM (Dawsyn)'!$O$15,"")
D13: =IF('AC (Dumpster Fires)'!$Y$15>2006+$B$1,'AC (Dumpster Fires)'!$AA$15,"") | E13: =IF('AC (Dumpster Fires)'!$Y$15>2006+$B$1,'AC (Dumpster Fires)'!$Y$15,"") | G13: =IF('AW (Minor)'!$Y$15>2006+$B$1,'AW (Minor)'!$AA$15,"") | H13: =IF('AW (Minor)'!$Y$15>2006+$B$1,'AW (Minor)'!$Y$15,"") | J13: =IF('BL (Brockasauras)'!$Y$15>2006+$B$1,'BL (Brockasauras)'!$AA$15,"") | K13: =IF('BL (Brockasauras)'!$Y$15>2006+$B$1,'BL (Brockasauras)'!$Y$15,"") | M13: =IF('CN (Nygaardians)'!$Y$15>2006+$B$1,'CN (Nygaardians)'!$AA$15,"") | N13: =IF('CN (Nygaardians)'!$Y$15>2006+$B$1,'CN (Nygaardians)'!$Y$15,"") | P13: =IF('CS (Shag Dawgs)'!$Y$15>2006+$B$1,'CS (Shag Dawgs)'!$AA$15,"") | Q13: =IF('CS (Shag Dawgs)'!$Y$15>2006+$B$1,'CS (Shag Dawgs)'!$Y$15,"") | S13: =IF('DC (Cliff Lee Was Here)'!$Y$15>2006+$B$1,'DC (Cliff Lee Was Here)'!$AA$15,"") | T13: =IF('DC (Cliff Lee Was Here)'!$Y$15>2006+$B$1,'DC (Cliff Lee Was Here)'!$Y$15,"") | V13: =IF('JM (JMoney)'!$Y$15>2006+$B$1,'JM (JMoney)'!$AA$15,"") | W13: =IF('JM (JMoney)'!$Y$15>2006+$B$1,'JM (JMoney)'!$Y$15,"") | Y13: =IF('JJ (metropolitans)'!$Y$15>2006+$B$1,'JJ (metropolitans)'!$AA$15,"") | Z13: =IF('JJ (metropolitans)'!$Y$15>2006+$B$1,'JJ (metropolitans)'!$Y$15,"") | AB13: =IF('KJ (Stat Sandwich)'!$Y$15>2006+$B$1,'KJ (Stat Sandwich)'!$AA$15,"") | AC13: =IF('KJ (Stat Sandwich)'!$Y$15>2006+$B$1,'KJ (Stat Sandwich)'!$Y$15,"") | AE13: =IF('EP (Winning De)'!$Y$15>2006+$B$1,'EP (Winning De)'!$AA$15,"") | AF13: =IF('EP (Winning De)'!$Y$15>2006+$B$1,'EP (Winning De)'!$Y$15,"") | AH13: =IF('MB (Beckers Wreckers)'!$Y$15>2006+$B$1,'MB (Beckers Wreckers)'!$AA$15,"") | AI13: =IF('MB (Beckers Wreckers)'!$Y$15>2006+$B$1,'MB (Beckers Wreckers)'!$Y$15,"") | AK13: =IF('MH (sabermutrics)'!$Y$15>2006+$B$1,'MH (sabermutrics)'!$AA$15,"") | AL13: =IF('MH (sabermutrics)'!$Y$15>2006+$B$1,'MH (sabermutrics)'!$Y$15,"") | AN13: =IF('MT (Tradezilla)'!$Y$15>2006+$B$1,'MT (Tradezilla)'!$AA$15,"") | AO13: =IF('MT (Tradezilla)'!$Y$15>2006+$B$1,'MT (Tradezilla)'!$Y$15,"") | AQ13: =IF('SM (Dawsyn)'!$Y$15>2006+$B$1,'SM (Dawsyn)'!$AA$15,"") | AR13: =IF('SM (Dawsyn)'!$Y$15>2006+$B$1,'SM (Dawsyn)'!$Y$15,"")
D14: =IF('AC (Dumpster Fires)'!$Y$18>2006+$B$1,'AC (Dumpster Fires)'!$O$18,"") | G14: =IF('AW (Minor)'!$Y$18>2006+$B$1,'AW (Minor)'!$O$18,"") | J14: =IF('BL (Brockasauras)'!$Y$18>2006+$B$1,'BL (Brockasauras)'!$O$18,"") | M14: =IF('CN (Nygaardians)'!$Y$18>2006+$B$1,'CN (Nygaardians)'!$O$18,"") | P14: =IF('CS (Shag Dawgs)'!$Y$18>2006+$B$1,'CS (Shag Dawgs)'!$O$18,"") | S14: =IF('DC (Cliff Lee Was Here)'!$Y$18>2006+$B$1,'DC (Cliff Lee Was Here)'!$O$18,"") | V14: =IF('JM (JMoney)'!$Y$18>2006+$B$1,'JM (JMoney)'!$O$18,"") | Y14: =IF('JJ (metropolitans)'!$Y$18>2006+$B$1,'JJ (metropolitans)'!$O$18,"") | AB14: =IF('KJ (Stat Sandwich)'!$Y$18>2006+$B$1,'KJ (Stat Sandwich)'!$O$18,"") | AE14: =IF('EP (Winning De)'!$Y$18>2006+$B$1,'EP (Winning De)'!$O$18,"") | AH14: =IF('MB (Beckers Wreckers)'!$Y$18>2006+$B$1,'MB (Beckers Wreckers)'!$O$18,"") | AK14: =IF('MH (sabermutrics)'!$Y$18>2006+$B$1,'MH (sabermutrics)'!$O$18,"") | AN14: =IF('MT (Tradezilla)'!$Y$18>2006+$B$1,'MT (Tradezilla)'!$O$18,"") | AQ14: =IF('SM (Dawsyn)'!$Y$18>2006+$B$1,'SM (Dawsyn)'!$O$18,"")
D15: =IF('AC (Dumpster Fires)'!$Y$18>2006+$B$1,'AC (Dumpster Fires)'!$AA$18,"") | E15: =IF('AC (Dumpster Fires)'!$Y$18>2006+$B$1,'AC (Dumpster Fires)'!$Y$18,"") | G15: =IF('AW (Minor)'!$Y$18>2006+$B$1,'AW (Minor)'!$AA$18,"") | H15: =IF('AW (Minor)'!$Y$18>2006+$B$1,'AW (Minor)'!$Y$18,"") | J15: =IF('BL (Brockasauras)'!$Y$18>2006+$B$1,'BL (Brockasauras)'!$AA$18,"") | K15: =IF('BL (Brockasauras)'!$Y$18>2006+$B$1,'BL (Brockasauras)'!$Y$18,"") | M15: =IF('CN (Nygaardians)'!$Y$18>2006+$B$1,'CN (Nygaardians)'!$AA$18,"") | N15: =IF('CN (Nygaardians)'!$Y$18>2006+$B$1,'CN (Nygaardians)'!$Y$18,"") | P15: =IF('CS (Shag Dawgs)'!$Y$18>2006+$B$1,'CS (Shag Dawgs)'!$AA$18,"") | Q15: =IF('CS (Shag Dawgs)'!$Y$18>2006+$B$1,'CS (Shag Dawgs)'!$Y$18,"") | S15: =IF('DC (Cliff Lee Was Here)'!$Y$18>2006+$B$1,'DC (Cliff Lee Was Here)'!$AA$18,"") | T15: =IF('DC (Cliff Lee Was Here)'!$Y$18>2006+$B$1,'DC (Cliff Lee Was Here)'!$Y$18,"") | V15: =IF('JM (JMoney)'!$Y$18>2006+$B$1,'JM (JMoney)'!$AA$18,"") | W15: =IF('JM (JMoney)'!$Y$18>2006+$B$1,'JM (JMoney)'!$Y$18,"") | Y15: =IF('JJ (metropolitans)'!$Y$18>2006+$B$1,'JJ (metropolitans)'!$AA$18,"") | Z15: =IF('JJ (metropolitans)'!$Y$18>2006+$B$1,'JJ (metropolitans)'!$Y$18,"") | AB15: =IF('KJ (Stat Sandwich)'!$Y$18>2006+$B$1,'KJ (Stat Sandwich)'!$AA$18,"") | AC15: =IF('KJ (Stat Sandwich)'!$Y$18>2006+$B$1,'KJ (Stat Sandwich)'!$Y$18,"") | AE15: =IF('EP (Winning De)'!$Y$18>2006+$B$1,'EP (Winning De)'!$AA$18,"") | AF15: =IF('EP (Winning De)'!$Y$18>2006+$B$1,'EP (Winning De)'!$Y$18,"") | AH15: =IF('MB (Beckers Wreckers)'!$Y$18>2006+$B$1,'MB (Beckers Wreckers)'!$AA$18,"") | AI15: =IF('MB (Beckers Wreckers)'!$Y$18>2006+$B$1,'MB (Beckers Wreckers)'!$Y$18,"") | AK15: =IF('MH (sabermutrics)'!$Y$18>2006+$B$1,'MH (sabermutrics)'!$AA$18,"") | AL15: =IF('MH (sabermutrics)'!$Y$18>2006+$B$1,'MH (sabermutrics)'!$Y$18,"") | AN15: =IF('MT (Tradezilla)'!$Y$18>2006+$B$1,'MT (Tradezilla)'!$AA$18,"") | AO15: =IF('MT (Tradezilla)'!$Y$18>2006+$B$1,'MT (Tradezilla)'!$Y$18,"") | AQ15: =IF('SM (Dawsyn)'!$Y$18>2006+$B$1,'SM (Dawsyn)'!$AA$18,"") | AR15: =IF('SM (Dawsyn)'!$Y$18>2006+$B$1,'SM (Dawsyn)'!$Y$18,"")
D16: =IF('AC (Dumpster Fires)'!$Y$21>2006+$B$1,'AC (Dumpster Fires)'!$O$21,"") | G16: =IF('AW (Minor)'!$Y$21>2006+$B$1,'AW (Minor)'!$O$21,"") | J16: =IF('BL (Brockasauras)'!$Y$21>2006+$B$1,'BL (Brockasauras)'!$O$21,"") | M16: =IF('CN (Nygaardians)'!$Y$21>2006+$B$1,'CN (Nygaardians)'!$O$21,"") | P16: =IF('CS (Shag Dawgs)'!$Y$21>2006+$B$1,'CS (Shag Dawgs)'!$O$21,"") | S16: =IF('DC (Cliff Lee Was Here)'!$Y$21>2006+$B$1,'DC (Cliff Lee Was Here)'!$O$21,"") | V16: =IF('JM (JMoney)'!$Y$21>2006+$B$1,'JM (JMoney)'!$O$21,"") | Y16: =IF('JJ (metropolitans)'!$Y$21>2006+$B$1,'JJ (metropolitans)'!$O$21,"") | AB16: =IF('KJ (Stat Sandwich)'!$Y$21>2006+$B$1,'KJ (Stat Sandwich)'!$O$21,"") | AE16: =IF('EP (Winning De)'!$Y$21>2006+$B$1,'EP (Winning De)'!$O$21,"") | AH16: =IF('MB (Beckers Wreckers)'!$Y$21>2006+$B$1,'MB (Beckers Wreckers)'!$O$21,"") | AK16: =IF('MH (sabermutrics)'!$Y$21>2006+$B$1,'MH (sabermutrics)'!$O$21,"") | AN16: =IF('MT (Tradezilla)'!$Y$21>2006+$B$1,'MT (Tradezilla)'!$O$21,"") | AQ16: =IF('SM (Dawsyn)'!$Y$21>2006+$B$1,'SM (Dawsyn)'!$O$21,"")
D17: =IF('AC (Dumpster Fires)'!$Y$21>2006+$B$1,'AC (Dumpster Fires)'!$AA$21,"") | E17: =IF('AC (Dumpster Fires)'!$Y$21>2006+$B$1,'AC (Dumpster Fires)'!$Y$21,"") | G17: =IF('AW (Minor)'!$Y$21>2006+$B$1,'AW (Minor)'!$AA$21,"") | H17: =IF('AW (Minor)'!$Y$21>2006+$B$1,'AW (Minor)'!$Y$21,"") | J17: =IF('BL (Brockasauras)'!$Y$21>2006+$B$1,'BL (Brockasauras)'!$AA$21,"") | K17: =IF('BL (Brockasauras)'!$Y$21>2006+$B$1,'BL (Brockasauras)'!$Y$21,"") | M17: =IF('CN (Nygaardians)'!$Y$21>2006+$B$1,'CN (Nygaardians)'!$AA$21,"") | N17: =IF('CN (Nygaardians)'!$Y$21>2006+$B$1,'CN (Nygaardians)'!$Y$21,"") | P17: =IF('CS (Shag Dawgs)'!$Y$21>2006+$B$1,'CS (Shag Dawgs)'!$AA$21,"") | Q17: =IF('CS (Shag Dawgs)'!$Y$21>2006+$B$1,'CS (Shag Dawgs)'!$Y$21,"") | S17: =IF('DC (Cliff Lee Was Here)'!$Y$21>2006+$B$1,'DC (Cliff Lee Was Here)'!$AA$21,"") | T17: =IF('DC (Cliff Lee Was Here)'!$Y$21>2006+$B$1,'DC (Cliff Lee Was Here)'!$Y$21,"") | V17: =IF('JM (JMoney)'!$Y$21>2006+$B$1,'JM (JMoney)'!$AA$21,"") | W17: =IF('JM (JMoney)'!$Y$21>2006+$B$1,'JM (JMoney)'!$Y$21,"") | Y17: =IF('JJ (metropolitans)'!$Y$21>2006+$B$1,'JJ (metropolitans)'!$AA$21,"") | Z17: =IF('JJ (metropolitans)'!$Y$21>2006+$B$1,'JJ (metropolitans)'!$Y$21,"") | AB17: =IF('KJ (Stat Sandwich)'!$Y$21>2006+$B$1,'KJ (Stat Sandwich)'!$AA$21,"") | AC17: =IF('KJ (Stat Sandwich)'!$Y$21>2006+$B$1,'KJ (Stat Sandwich)'!$Y$21,"") | AE17: =IF('EP (Winning De)'!$Y$21>2006+$B$1,'EP (Winning De)'!$AA$21,"") | AF17: =IF('EP (Winning De)'!$Y$21>2006+$B$1,'EP (Winning De)'!$Y$21,"") | AH17: =IF('MB (Beckers Wreckers)'!$Y$21>2006+$B$1,'MB (Beckers Wreckers)'!$AA$21,"") | AI17: =IF('MB (Beckers Wreckers)'!$Y$21>2006+$B$1,'MB (Beckers Wreckers)'!$Y$21,"") | AK17: =IF('MH (sabermutrics)'!$Y$21>2006+$B$1,'MH (sabermutrics)'!$AA$21,"") | AL17: =IF('MH (sabermutrics)'!$Y$21>2006+$B$1,'MH (sabermutrics)'!$Y$21,"") | AN17: =IF('MT (Tradezilla)'!$Y$21>2006+$B$1,'MT (Tradezilla)'!$AA$21,"") | AO17: =IF('MT (Tradezilla)'!$Y$21>2006+$B$1,'MT (Tradezilla)'!$Y$21,"") | AQ17: =IF('SM (Dawsyn)'!$Y$21>2006+$B$1,'SM (Dawsyn)'!$AA$21,"") | AR17: =IF('SM (Dawsyn)'!$Y$21>2006+$B$1,'SM (Dawsyn)'!$Y$21,"")
D18: =IF('AC (Dumpster Fires)'!$Y$24>2006+$B$1,'AC (Dumpster Fires)'!$O$24,"") | G18: =IF('AW (Minor)'!$Y$24>2006+$B$1,'AW (Minor)'!$O$24,"") | J18: =IF('BL (Brockasauras)'!$Y$24>2006+$B$1,'BL (Brockasauras)'!$O$24,"") | M18: =IF('CN (Nygaardians)'!$Y$24>2006+$B$1,'CN (Nygaardians)'!$O$24,"") | P18: =IF('CS (Shag Dawgs)'!$Y$24>2006+$B$1,'CS (Shag Dawgs)'!$O$24,"") | S18: =IF('DC (Cliff Lee Was Here)'!$Y$24>2006+$B$1,'DC (Cliff Lee Was Here)'!$O$24,"") | V18: =IF('JM (JMoney)'!$Y$24>2006+$B$1,'JM (JMoney)'!$O$24,"") | Y18: =IF('JJ (metropolitans)'!$Y$24>2006+$B$1,'JJ (metropolitans)'!$O$24,"") | AB18: =IF('KJ (Stat Sandwich)'!$Y$24>2006+$B$1,'KJ (Stat Sandwich)'!$O$24,"") | AE18: =IF('EP (Winning De)'!$Y$24>2006+$B$1,'EP (Winning De)'!$O$24,"") | AH18: =IF('MB (Beckers Wreckers)'!$Y$24>2006+$B$1,'MB (Beckers Wreckers)'!$O$24,"") | AK18: =IF('MH (sabermutrics)'!$Y$24>2006+$B$1,'MH (sabermutrics)'!$O$24,"") | AN18: =IF('MT (Tradezilla)'!$Y$24>2006+$B$1,'MT (Tradezilla)'!$O$24,"") | AQ18: =IF('SM (Dawsyn)'!$Y$24>2006+$B$1,'SM (Dawsyn)'!$O$24,"")
D19: =IF('AC (Dumpster Fires)'!$Y$24>2006+$B$1,'AC (Dumpster Fires)'!$AA$24,"") | E19: =IF('AC (Dumpster Fires)'!$Y$24>2006+$B$1,'AC (Dumpster Fires)'!$Y$24,"") | G19: =IF('AW (Minor)'!$Y$24>2006+$B$1,'AW (Minor)'!$AA$24,"") | H19: =IF('AW (Minor)'!$Y$24>2006+$B$1,'AW (Minor)'!$Y$24,"") | J19: =IF('BL (Brockasauras)'!$Y$24>2006+$B$1,'BL (Brockasauras)'!$AA$24,"") | K19: =IF('BL (Brockasauras)'!$Y$24>2006+$B$1,'BL (Brockasauras)'!$Y$24,"") | M19: =IF('CN (Nygaardians)'!$Y$24>2006+$B$1,'CN (Nygaardians)'!$AA$24,"") | N19: =IF('CN (Nygaardians)'!$Y$24>2006+$B$1,'CN (Nygaardians)'!$Y$24,"") | P19: =IF('CS (Shag Dawgs)'!$Y$24>2006+$B$1,'CS (Shag Dawgs)'!$AA$24,"") | Q19: =IF('CS (Shag Dawgs)'!$Y$24>2006+$B$1,'CS (Shag Dawgs)'!$Y$24,"") | S19: =IF('DC (Cliff Lee Was Here)'!$Y$24>2006+$B$1,'DC (Cliff Lee Was Here)'!$AA$24,"") | T19: =IF('DC (Cliff Lee Was Here)'!$Y$24>2006+$B$1,'DC (Cliff Lee Was Here)'!$Y$24,"") | V19: =IF('JM (JMoney)'!$Y$24>2006+$B$1,'JM (JMoney)'!$AA$24,"") | W19: =IF('JM (JMoney)'!$Y$24>2006+$B$1,'JM (JMoney)'!$Y$24,"") | Y19: =IF('JJ (metropolitans)'!$Y$24>2006+$B$1,'JJ (metropolitans)'!$AA$24,"") | Z19: =IF('JJ (metropolitans)'!$Y$24>2006+$B$1,'JJ (metropolitans)'!$Y$24,"") | AB19: =IF('KJ (Stat Sandwich)'!$Y$24>2006+$B$1,'KJ (Stat Sandwich)'!$AA$24,"") | AC19: =IF('KJ (Stat Sandwich)'!$Y$24>2006+$B$1,'KJ (Stat Sandwich)'!$Y$24,"") | AE19: =IF('EP (Winning De)'!$Y$24>2006+$B$1,'EP (Winning De)'!$AA$24,"") | AF19: =IF('EP (Winning De)'!$Y$24>2006+$B$1,'EP (Winning De)'!$Y$24,"") | AH19: =IF('MB (Beckers Wreckers)'!$Y$24>2006+$B$1,'MB (Beckers Wreckers)'!$AA$24,"") | AI19: =IF('MB (Beckers Wreckers)'!$Y$24>2006+$B$1,'MB (Beckers Wreckers)'!$Y$24,"") | AK19: =IF('MH (sabermutrics)'!$Y$24>2006+$B$1,'MH (sabermutrics)'!$AA$24,"") | AL19: =IF('MH (sabermutrics)'!$Y$24>2006+$B$1,'MH (sabermutrics)'!$Y$24,"") | AN19: =IF('MT (Tradezilla)'!$Y$24>2006+$B$1,'MT (Tradezilla)'!$AA$24,"") | AO19: =IF('MT (Tradezilla)'!$Y$24>2006+$B$1,'MT (Tradezilla)'!$Y$24,"") | AQ19: =IF('SM (Dawsyn)'!$Y$24>2006+$B$1,'SM (Dawsyn)'!$AA$24,"") | AR19: =IF('SM (Dawsyn)'!$Y$24>2006+$B$1,'SM (Dawsyn)'!$Y$24,"")
D20: =IF('AC (Dumpster Fires)'!$Y$27>2006+$B$1,'AC (Dumpster Fires)'!$O$27,"") | G20: =IF('AW (Minor)'!$Y$27>2006+$B$1,'AW (Minor)'!$O$27,"") | J20: =IF('BL (Brockasauras)'!$Y$27>2006+$B$1,'BL (Brockasauras)'!$O$27,"") | M20: =IF('CN (Nygaardians)'!$Y$27>2006+$B$1,'CN (Nygaardians)'!$O$27,"") | P20: =IF('CS (Shag Dawgs)'!$Y$27>2006+$B$1,'CS (Shag Dawgs)'!$O$27,"") | S20: =IF('DC (Cliff Lee Was Here)'!$Y$27>2006+$B$1,'DC (Cliff Lee Was Here)'!$O$27,"") | V20: =IF('JM (JMoney)'!$Y$27>2006+$B$1,'JM (JMoney)'!$O$27,"") | Y20: =IF('JJ (metropolitans)'!$Y$27>2006+$B$1,'JJ (metropolitans)'!$O$27,"") | AB20: =IF('KJ (Stat Sandwich)'!$Y$27>2006+$B$1,'KJ (Stat Sandwich)'!$O$27,"") | AE20: =IF('EP (Winning De)'!$Y$27>2006+$B$1,'EP (Winning De)'!$O$27,"") | AH20: =IF('MB (Beckers Wreckers)'!$Y$27>2006+$B$1,'MB (Beckers Wreckers)'!$O$27,"") | AK20: =IF('MH (sabermutrics)'!$Y$27>2006+$B$1,'MH (sabermutrics)'!$O$27,"") | AN20: =IF('MT (Tradezilla)'!$Y$27>2006+$B$1,'MT (Tradezilla)'!$O$27,"") | AQ20: =IF('SM (Dawsyn)'!$Y$27>2006+$B$1,'SM (Dawsyn)'!$O$27,"")
D21: =IF('AC (Dumpster Fires)'!$Y$27>2006+$B$1,'AC (Dumpster Fires)'!$AA$27,"") | E21: =IF('AC (Dumpster Fires)'!$Y$27>2006+$B$1,'AC (Dumpster Fires)'!$Y$27,"") | G21: =IF('AW (Minor)'!$Y$27>2006+$B$1,'AW (Minor)'!$AA$27,"") | H21: =IF('AW (Minor)'!$Y$27>2006+$B$1,'AW (Minor)'!$Y$27,"") | J21: =IF('BL (Brockasauras)'!$Y$27>2006+$B$1,'BL (Brockasauras)'!$AA$27,"") | K21: =IF('BL (Brockasauras)'!$Y$27>2006+$B$1,'BL (Brockasauras)'!$Y$27,"") | M21: =IF('CN (Nygaardians)'!$Y$27>2006+$B$1,'CN (Nygaardians)'!$AA$27,"") | N21: =IF('CN (Nygaardians)'!$Y$27>2006+$B$1,'CN (Nygaardians)'!$Y$27,"") | P21: =IF('CS (Shag Dawgs)'!$Y$27>2006+$B$1,'CS (Shag Dawgs)'!$AA$27,"") | Q21: =IF('CS (Shag Dawgs)'!$Y$27>2006+$B$1,'CS (Shag Dawgs)'!$Y$27,"") | S21: =IF('DC (Cliff Lee Was Here)'!$Y$27>2006+$B$1,'DC (Cliff Lee Was Here)'!$AA$27,"") | T21: =IF('DC (Cliff Lee Was Here)'!$Y$27>2006+$B$1,'DC (Cliff Lee Was Here)'!$Y$27,"") | V21: =IF('JM (JMoney)'!$Y$27>2006+$B$1,'JM (JMoney)'!$AA$27,"") | W21: =IF('JM (JMoney)'!$Y$27>2006+$B$1,'JM (JMoney)'!$Y$27,"") | Y21: =IF('JJ (metropolitans)'!$Y$27>2006+$B$1,'JJ (metropolitans)'!$AA$27,"") | Z21: =IF('JJ (metropolitans)'!$Y$27>2006+$B$1,'JJ (metropolitans)'!$Y$27,"") | AB21: =IF('KJ (Stat Sandwich)'!$Y$27>2006+$B$1,'KJ (Stat Sandwich)'!$AA$27,"") | AC21: =IF('KJ (Stat Sandwich)'!$Y$27>2006+$B$1,'KJ (Stat Sandwich)'!$Y$27,"") | AE21: =IF('EP (Winning De)'!$Y$27>2006+$B$1,'EP (Winning De)'!$AA$27,"") | AF21: =IF('EP (Winning De)'!$Y$27>2006+$B$1,'EP (Winning De)'!$Y$27,"") | AH21: =IF('MB (Beckers Wreckers)'!$Y$27>2006+$B$1,'MB (Beckers Wreckers)'!$AA$27,"") | AI21: =IF('MB (Beckers Wreckers)'!$Y$27>2006+$B$1,'MB (Beckers Wreckers)'!$Y$27,"") | AK21: =IF('MH (sabermutrics)'!$Y$27>2006+$B$1,'MH (sabermutrics)'!$AA$27,"") | AL21: =IF('MH (sabermutrics)'!$Y$27>2006+$B$1,'MH (sabermutrics)'!$Y$27,"") | AN21: =IF('MT (Tradezilla)'!$Y$27>2006+$B$1,'MT (Tradezilla)'!$AA$27,"") | AO21: =IF('MT (Tradezilla)'!$Y$27>2006+$B$1,'MT (Tradezilla)'!$Y$27,"") | AQ21: =IF('SM (Dawsyn)'!$Y$27>2006+$B$1,'SM (Dawsyn)'!$AA$27,"") | AR21: =IF('SM (Dawsyn)'!$Y$27>2006+$B$1,'SM (Dawsyn)'!$Y$27,"")
D22: =IF('AC (Dumpster Fires)'!$Y$30>2006+$B$1,'AC (Dumpster Fires)'!$O$30,"") | G22: =IF('AW (Minor)'!$Y$30>2006+$B$1,'AW (Minor)'!$O$30,"") | J22: =IF('BL (Brockasauras)'!$Y$30>2006+$B$1,'BL (Brockasauras)'!$O$30,"") | M22: =IF('CN (Nygaardians)'!$Y$30>2006+$B$1,'CN (Nygaardians)'!$O$30,"") | P22: =IF('CS (Shag Dawgs)'!$Y$30>2006+$B$1,'CS (Shag Dawgs)'!$O$30,"") | S22: =IF('DC (Cliff Lee Was Here)'!$Y$30>2006+$B$1,'DC (Cliff Lee Was Here)'!$O$30,"") | V22: =IF('JM (JMoney)'!$Y$30>2006+$B$1,'JM (JMoney)'!$O$30,"") | Y22: =IF('JJ (metropolitans)'!$Y$30>2006+$B$1,'JJ (metropolitans)'!$O$30,"") | AB22: =IF('KJ (Stat Sandwich)'!$Y$30>2006+$B$1,'KJ (Stat Sandwich)'!$O$30,"") | AE22: =IF('EP (Winning De)'!$Y$30>2006+$B$1,'EP (Winning De)'!$O$30,"") | AH22: =IF('MB (Beckers Wreckers)'!$Y$30>2006+$B$1,'MB (Beckers Wreckers)'!$O$30,"") | AK22: =IF('MH (sabermutrics)'!$Y$30>2006+$B$1,'MH (sabermutrics)'!$O$30,"") | AN22: =IF('MT (Tradezilla)'!$Y$30>2006+$B$1,'MT (Tradezilla)'!$O$30,"") | AQ22: =IF('SM (Dawsyn)'!$Y$30>2006+$B$1,'SM (Dawsyn)'!$O$30,"")
D23: =IF('AC (Dumpster Fires)'!$Y$30>2006+$B$1,'AC (Dumpster Fires)'!$AA$30,"") | E23: =IF('AC (Dumpster Fires)'!$Y$30>2006+$B$1,'AC (Dumpster Fires)'!$Y$30,"") | G23: =IF('AW (Minor)'!$Y$30>2006+$B$1,'AW (Minor)'!$AA$30,"") | H23: =IF('AW (Minor)'!$Y$30>2006+$B$1,'AW (Minor)'!$Y$30,"") | J23: =IF('BL (Brockasauras)'!$Y$30>2006+$B$1,'BL (Brockasauras)'!$AA$30,"") | K23: =IF('BL (Brockasauras)'!$Y$30>2006+$B$1,'BL (Brockasauras)'!$Y$30,"") | M23: =IF('CN (Nygaardians)'!$Y$30>2006+$B$1,'CN (Nygaardians)'!$AA$30,"") | N23: =IF('CN (Nygaardians)'!$Y$30>2006+$B$1,'CN (Nygaardians)'!$Y$30,"") | P23: =IF('CS (Shag Dawgs)'!$Y$30>2006+$B$1,'CS (Shag Dawgs)'!$AA$30,"") | Q23: =IF('CS (Shag Dawgs)'!$Y$30>2006+$B$1,'CS (Shag Dawgs)'!$Y$30,"") | S23: =IF('DC (Cliff Lee Was Here)'!$Y$30>2006+$B$1,'DC (Cliff Lee Was Here)'!$AA$30,"") | T23: =IF('DC (Cliff Lee Was Here)'!$Y$30>2006+$B$1,'DC (Cliff Lee Was Here)'!$Y$30,"") | V23: =IF('JM (JMoney)'!$Y$30>2006+$B$1,'JM (JMoney)'!$AA$30,"") | W23: =IF('JM (JMoney)'!$Y$30>2006+$B$1,'JM (JMoney)'!$Y$30,"") | Y23: =IF('JJ (metropolitans)'!$Y$30>2006+$B$1,'JJ (metropolitans)'!$AA$30,"") | Z23: =IF('JJ (metropolitans)'!$Y$30>2006+$B$1,'JJ (metropolitans)'!$Y$30,"") | AB23: =IF('KJ (Stat Sandwich)'!$Y$30>2006+$B$1,'KJ (Stat Sandwich)'!$AA$30,"") | AC23: =IF('KJ (Stat Sandwich)'!$Y$30>2006+$B$1,'KJ (Stat Sandwich)'!$Y$30,"") | AE23: =IF('EP (Winning De)'!$Y$30>2006+$B$1,'EP (Winning De)'!$AA$30,"") | AF23: =IF('EP (Winning De)'!$Y$30>2006+$B$1,'EP (Winning De)'!$Y$30,"") | AH23: =IF('MB (Beckers Wreckers)'!$Y$30>2006+$B$1,'MB (Beckers Wreckers)'!$AA$30,"") | AI23: =IF('MB (Beckers Wreckers)'!$Y$30>2006+$B$1,'MB (Beckers Wreckers)'!$Y$30,"") | AK23: =IF('MH (sabermutrics)'!$Y$30>2006+$B$1,'MH (sabermutrics)'!$AA$30,"") | AL23: =IF('MH (sabermutrics)'!$Y$30>2006+$B$1,'MH (sabermutrics)'!$Y$30,"") | AN23: =IF('MT (Tradezilla)'!$Y$30>2006+$B$1,'MT (Tradezilla)'!$AA$30,"") | AO23: =IF('MT (Tradezilla)'!$Y$30>2006+$B$1,'MT (Tradezilla)'!$Y$30,"") | AQ23: =IF('SM (Dawsyn)'!$Y$30>2006+$B$1,'SM (Dawsyn)'!$AA$30,"") | AR23: =IF('SM (Dawsyn)'!$Y$30>2006+$B$1,'SM (Dawsyn)'!$Y$30,"")
D24: =IF('AC (Dumpster Fires)'!$Y$33>2006+$B$1,'AC (Dumpster Fires)'!$O$33,"") | G24: =IF('AW (Minor)'!$Y$33>2006+$B$1,'AW (Minor)'!$O$33,"") | J24: =IF('BL (Brockasauras)'!$Y$33>2006+$B$1,'BL (Brockasauras)'!$O$33,"") | M24: =IF('CN (Nygaardians)'!$Y$33>2006+$B$1,'CN (Nygaardians)'!$O$33,"") | P24: =IF('CS (Shag Dawgs)'!$Y$33>2006+$B$1,'CS (Shag Dawgs)'!$O$33,"") | S24: =IF('DC (Cliff Lee Was Here)'!$Y$33>2006+$B$1,'DC (Cliff Lee Was Here)'!$O$33,"") | V24: =IF('JM (JMoney)'!$Y$33>2006+$B$1,'JM (JMoney)'!$O$33,"") | Y24: =IF('JJ (metropolitans)'!$Y$33>2006+$B$1,'JJ (metropolitans)'!$O$33,"") | AB24: =IF('KJ (Stat Sandwich)'!$Y$33>2006+$B$1,'KJ (Stat Sandwich)'!$O$33,"") | AE24: =IF('EP (Winning De)'!$Y$33>2006+$B$1,'EP (Winning De)'!$O$33,"") | AH24: =IF('MB (Beckers Wreckers)'!$Y$33>2006+$B$1,'MB (Beckers Wreckers)'!$O$33,"") | AK24: =IF('MH (sabermutrics)'!$Y$33>2006+$B$1,'MH (sabermutrics)'!$O$33,"") | AN24: =IF('MT (Tradezilla)'!$Y$33>2006+$B$1,'MT (Tradezilla)'!$O$33,"") | AQ24: =IF('SM (Dawsyn)'!$Y$33>2006+$B$1,'SM (Dawsyn)'!$O$33,"")
D25: =IF('AC (Dumpster Fires)'!$Y$33>2006+$B$1,'AC (Dumpster Fires)'!$AA$33,"") | E25: =IF('AC (Dumpster Fires)'!$Y$33>2006+$B$1,'AC (Dumpster Fires)'!$Y$33,"") | G25: =IF('AW (Minor)'!$Y$33>2006+$B$1,'AW (Minor)'!$AA$33,"") | H25: =IF('AW (Minor)'!$Y$33>2006+$B$1,'AW (Minor)'!$Y$33,"") | J25: =IF('BL (Brockasauras)'!$Y$33>2006+$B$1,'BL (Brockasauras)'!$AA$33,"") | K25: =IF('BL (Brockasauras)'!$Y$33>2006+$B$1,'BL (Brockasauras)'!$Y$33,"") | M25: =IF('CN (Nygaardians)'!$Y$33>2006+$B$1,'CN (Nygaardians)'!$AA$33,"") | N25: =IF('CN (Nygaardians)'!$Y$33>2006+$B$1,'CN (Nygaardians)'!$Y$33,"") | P25: =IF('CS (Shag Dawgs)'!$Y$33>2006+$B$1,'CS (Shag Dawgs)'!$AA$33,"") | Q25: =IF('CS (Shag Dawgs)'!$Y$33>2006+$B$1,'CS (Shag Dawgs)'!$Y$33,"") | S25: =IF('DC (Cliff Lee Was Here)'!$Y$33>2006+$B$1,'DC (Cliff Lee Was Here)'!$AA$33,"") | T25: =IF('DC (Cliff Lee Was Here)'!$Y$33>2006+$B$1,'DC (Cliff Lee Was Here)'!$Y$33,"") | V25: =IF('JM (JMoney)'!$Y$33>2006+$B$1,'JM (JMoney)'!$AA$33,"") | W25: =IF('JM (JMoney)'!$Y$33>2006+$B$1,'JM (JMoney)'!$Y$33,"") | Y25: =IF('JJ (metropolitans)'!$Y$33>2006+$B$1,'JJ (metropolitans)'!$AA$33,"") | Z25: =IF('JJ (metropolitans)'!$Y$33>2006+$B$1,'JJ (metropolitans)'!$Y$33,"") | AB25: =IF('KJ (Stat Sandwich)'!$Y$33>2006+$B$1,'KJ (Stat Sandwich)'!$AA$33,"") | AC25: =IF('KJ (Stat Sandwich)'!$Y$33>2006+$B$1,'KJ (Stat Sandwich)'!$Y$33,"") | AE25: =IF('EP (Winning De)'!$Y$33>2006+$B$1,'EP (Winning De)'!$AA$33,"") | AF25: =IF('EP (Winning De)'!$Y$33>2006+$B$1,'EP (Winning De)'!$Y$33,"") | AH25: =IF('MB (Beckers Wreckers)'!$Y$33>2006+$B$1,'MB (Beckers Wreckers)'!$AA$33,"") | AI25: =IF('MB (Beckers Wreckers)'!$Y$33>2006+$B$1,'MB (Beckers Wreckers)'!$Y$33,"") | AK25: =IF('MH (sabermutrics)'!$Y$33>2006+$B$1,'MH (sabermutrics)'!$AA$33,"") | AL25: =IF('MH (sabermutrics)'!$Y$33>2006+$B$1,'MH (sabermutrics)'!$Y$33,"") | AN25: =IF('MT (Tradezilla)'!$Y$33>2006+$B$1,'MT (Tradezilla)'!$AA$33,"") | AO25: =IF('MT (Tradezilla)'!$Y$33>2006+$B$1,'MT (Tradezilla)'!$Y$33,"") | AQ25: =IF('SM (Dawsyn)'!$Y$33>2006+$B$1,'SM (Dawsyn)'!$AA$33,"") | AR25: =IF('SM (Dawsyn)'!$Y$33>2006+$B$1,'SM (Dawsyn)'!$Y$33,"")
D26: =IF('AC (Dumpster Fires)'!$Y$36>2006+$B$1,'AC (Dumpster Fires)'!$O$36,"") | G26: =IF('AW (Minor)'!$Y$36>2006+$B$1,'AW (Minor)'!$O$36,"") | J26: =IF('BL (Brockasauras)'!$Y$36>2006+$B$1,'BL (Brockasauras)'!$O$36,"") | M26: =IF('CN (Nygaardians)'!$Y$36>2006+$B$1,'CN (Nygaardians)'!$O$36,"") | P26: =IF('CS (Shag Dawgs)'!$Y$36>2006+$B$1,'CS (Shag Dawgs)'!$O$36,"") | S26: =IF('DC (Cliff Lee Was Here)'!$Y$36>2006+$B$1,'DC (Cliff Lee Was Here)'!$O$36,"") | V26: =IF('JM (JMoney)'!$Y$36>2006+$B$1,'JM (JMoney)'!$O$36,"") | Y26: =IF('JJ (metropolitans)'!$Y$36>2006+$B$1,'JJ (metropolitans)'!$O$36,"") | AB26: =IF('KJ (Stat Sandwich)'!$Y$36>2006+$B$1,'KJ (Stat Sandwich)'!$O$36,"") | AE26: =IF('EP (Winning De)'!$Y$36>2006+$B$1,'EP (Winning De)'!$O$36,"") | AH26: =IF('MB (Beckers Wreckers)'!$Y$36>2006+$B$1,'MB (Beckers Wreckers)'!$O$36,"") | AK26: =IF('MH (sabermutrics)'!$Y$36>2006+$B$1,'MH (sabermutrics)'!$O$36,"") | AN26: =IF('MT (Tradezilla)'!$Y$36>2006+$B$1,'MT (Tradezilla)'!$O$36,"") | AQ26: =IF('SM (Dawsyn)'!$Y$36>2006+$B$1,'SM (Dawsyn)'!$O$36,"")
D27: =IF('AC (Dumpster Fires)'!$Y$36>2006+$B$1,'AC (Dumpster Fires)'!$AA$36,"") | E27: =IF('AC (Dumpster Fires)'!$Y$36>2006+$B$1,'AC (Dumpster Fires)'!$Y$36,"") | G27: =IF('AW (Minor)'!$Y$36>2006+$B$1,'AW (Minor)'!$AA$36,"") | H27: =IF('AW (Minor)'!$Y$36>2006+$B$1,'AW (Minor)'!$Y$36,"") | J27: =IF('BL (Brockasauras)'!$Y$36>2006+$B$1,'BL (Brockasauras)'!$AA$36,"") | K27: =IF('BL (Brockasauras)'!$Y$36>2006+$B$1,'BL (Brockasauras)'!$Y$36,"") | M27: =IF('CN (Nygaardians)'!$Y$36>2006+$B$1,'CN (Nygaardians)'!$AA$36,"") | N27: =IF('CN (Nygaardians)'!$Y$36>2006+$B$1,'CN (Nygaardians)'!$Y$36,"") | P27: =IF('CS (Shag Dawgs)'!$Y$36>2006+$B$1,'CS (Shag Dawgs)'!$AA$36,"") | Q27: =IF('CS (Shag Dawgs)'!$Y$36>2006+$B$1,'CS (Shag Dawgs)'!$Y$36,"") | S27: =IF('DC (Cliff Lee Was Here)'!$Y$36>2006+$B$1,'DC (Cliff Lee Was Here)'!$AA$36,"") | T27: =IF('DC (Cliff Lee Was Here)'!$Y$36>2006+$B$1,'DC (Cliff Lee Was Here)'!$Y$36,"") | V27: =IF('JM (JMoney)'!$Y$36>2006+$B$1,'JM (JMoney)'!$AA$36,"") | W27: =IF('JM (JMoney)'!$Y$36>2006+$B$1,'JM (JMoney)'!$Y$36,"") | Y27: =IF('JJ (metropolitans)'!$Y$36>2006+$B$1,'JJ (metropolitans)'!$AA$36,"") | Z27: =IF('JJ (metropolitans)'!$Y$36>2006+$B$1,'JJ (metropolitans)'!$Y$36,"") | AB27: =IF('KJ (Stat Sandwich)'!$Y$36>2006+$B$1,'KJ (Stat Sandwich)'!$AA$36,"") | AC27: =IF('KJ (Stat Sandwich)'!$Y$36>2006+$B$1,'KJ (Stat Sandwich)'!$Y$36,"") | AE27: =IF('EP (Winning De)'!$Y$36>2006+$B$1,'EP (Winning De)'!$AA$36,"") | AF27: =IF('EP (Winning De)'!$Y$36>2006+$B$1,'EP (Winning De)'!$Y$36,"") | AH27: =IF('MB (Beckers Wreckers)'!$Y$36>2006+$B$1,'MB (Beckers Wreckers)'!$AA$36,"") | AI27: =IF('MB (Beckers Wreckers)'!$Y$36>2006+$B$1,'MB (Beckers Wreckers)'!$Y$36,"") | AK27: =IF('MH (sabermutrics)'!$Y$36>2006+$B$1,'MH (sabermutrics)'!$AA$36,"") | AL27: =IF('MH (sabermutrics)'!$Y$36>2006+$B$1,'MH (sabermutrics)'!$Y$36,"") | AN27: =IF('MT (Tradezilla)'!$Y$36>2006+$B$1,'MT (Tradezilla)'!$AA$36,"") | AO27: =IF('MT (Tradezilla)'!$Y$36>2006+$B$1,'MT (Tradezilla)'!$Y$36,"") | AQ27: =IF('SM (Dawsyn)'!$Y$36>2006+$B$1,'SM (Dawsyn)'!$AA$36,"") | AR27: =IF('SM (Dawsyn)'!$Y$36>2006+$B$1,'SM (Dawsyn)'!$Y$36,"")
D28: =IF('AC (Dumpster Fires)'!$Y$39>2006+$B$1,'AC (Dumpster Fires)'!$O$39,"") | G28: =IF('AW (Minor)'!$Y$39>2006+$B$1,'AW (Minor)'!$O$39,"") | J28: =IF('BL (Brockasauras)'!$Y$39>2006+$B$1,'BL (Brockasauras)'!$O$39,"") | M28: =IF('CN (Nygaardians)'!$Y$39>2006+$B$1,'CN (Nygaardians)'!$O$39,"") | P28: =IF('CS (Shag Dawgs)'!$Y$39>2006+$B$1,'CS (Shag Dawgs)'!$O$39,"") | S28: =IF('DC (Cliff Lee Was Here)'!$Y$39>2006+$B$1,'DC (Cliff Lee Was Here)'!$O$39,"") | V28: =IF('JM (JMoney)'!$Y$39>2006+$B$1,'JM (JMoney)'!$O$39,"") | Y28: =IF('JJ (metropolitans)'!$Y$39>2006+$B$1,'JJ (metropolitans)'!$O$39,"") | AB28: =IF('KJ (Stat Sandwich)'!$Y$39>2006+$B$1,'KJ (Stat Sandwich)'!$O$39,"") | AE28: =IF('EP (Winning De)'!$Y$39>2006+$B$1,'EP (Winning De)'!$O$39,"") | AH28: =IF('MB (Beckers Wreckers)'!$Y$39>2006+$B$1,'MB (Beckers Wreckers)'!$O$39,"") | AK28: =IF('MH (sabermutrics)'!$Y$39>2006+$B$1,'MH (sabermutrics)'!$O$39,"") | AN28: =IF('MT (Tradezilla)'!$Y$39>2006+$B$1,'MT (Tradezilla)'!$O$39,"") | AQ28: =IF('SM (Dawsyn)'!$Y$39>2006+$B$1,'SM (Dawsyn)'!$O$39,"")
D29: =IF('AC (Dumpster Fires)'!$Y$39>2006+$B$1,'AC (Dumpster Fires)'!$AA$39,"") | E29: =IF('AC (Dumpster Fires)'!$Y$39>2006+$B$1,'AC (Dumpster Fires)'!$Y$39,"") | G29: =IF('AW (Minor)'!$Y$39>2006+$B$1,'AW (Minor)'!$AA$39,"") | H29: =IF('AW (Minor)'!$Y$39>2006+$B$1,'AW (Minor)'!$Y$39,"") | J29: =IF('BL (Brockasauras)'!$Y$39>2006+$B$1,'BL (Brockasauras)'!$AA$39,"") | K29: =IF('BL (Brockasauras)'!$Y$39>2006+$B$1,'BL (Brockasauras)'!$Y$39,"") | M29: =IF('CN (Nygaardians)'!$Y$39>2006+$B$1,'CN (Nygaardians)'!$AA$39,"") | N29: =IF('CN (Nygaardians)'!$Y$39>2006+$B$1,'CN (Nygaardians)'!$Y$39,"") | P29: =IF('CS (Shag Dawgs)'!$Y$39>2006+$B$1,'CS (Shag Dawgs)'!$AA$39,"") | Q29: =IF('CS (Shag Dawgs)'!$Y$39>2006+$B$1,'CS (Shag Dawgs)'!$Y$39,"") | S29: =IF('DC (Cliff Lee Was Here)'!$Y$39>2006+$B$1,'DC (Cliff Lee Was Here)'!$AA$39,"") | T29: =IF('DC (Cliff Lee Was Here)'!$Y$39>2006+$B$1,'DC (Cliff Lee Was Here)'!$Y$39,"") | V29: =IF('JM (JMoney)'!$Y$39>2006+$B$1,'JM (JMoney)'!$AA$39,"") | W29: =IF('JM (JMoney)'!$Y$39>2006+$B$1,'JM (JMoney)'!$Y$39,"") | Y29: =IF('JJ (metropolitans)'!$Y$39>2006+$B$1,'JJ (metropolitans)'!$AA$39,"") | Z29: =IF('JJ (metropolitans)'!$Y$39>2006+$B$1,'JJ (metropolitans)'!$Y$39,"") | AB29: =IF('KJ (Stat Sandwich)'!$Y$39>2006+$B$1,'KJ (Stat Sandwich)'!$AA$39,"") | AC29: =IF('KJ (Stat Sandwich)'!$Y$39>2006+$B$1,'KJ (Stat Sandwich)'!$Y$39,"") | AE29: =IF('EP (Winning De)'!$Y$39>2006+$B$1,'EP (Winning De)'!$AA$39,"") | AF29: =IF('EP (Winning De)'!$Y$39>2006+$B$1,'EP (Winning De)'!$Y$39,"") | AH29: =IF('MB (Beckers Wreckers)'!$Y$39>2006+$B$1,'MB (Beckers Wreckers)'!$AA$39,"") | AI29: =IF('MB (Beckers Wreckers)'!$Y$39>2006+$B$1,'MB (Beckers Wreckers)'!$Y$39,"") | AK29: =IF('MH (sabermutrics)'!$Y$39>2006+$B$1,'MH (sabermutrics)'!$AA$39,"") | AL29: =IF('MH (sabermutrics)'!$Y$39>2006+$B$1,'MH (sabermutrics)'!$Y$39,"") | AN29: =IF('MT (Tradezilla)'!$Y$39>2006+$B$1,'MT (Tradezilla)'!$AA$39,"") | AO29: =IF('MT (Tradezilla)'!$Y$39>2006+$B$1,'MT (Tradezilla)'!$Y$39,"") | AQ29: =IF('SM (Dawsyn)'!$Y$39>2006+$B$1,'SM (Dawsyn)'!$AA$39,"") | AR29: =IF('SM (Dawsyn)'!$Y$39>2006+$B$1,'SM (Dawsyn)'!$Y$39,"")
D30: =IF('AC (Dumpster Fires)'!$Y$42>2006+$B$1,'AC (Dumpster Fires)'!$O$42,"") | G30: =IF('AW (Minor)'!$Y$42>2006+$B$1,'AW (Minor)'!$O$42,"") | J30: =IF('BL (Brockasauras)'!$Y$42>2006+$B$1,'BL (Brockasauras)'!$O$42,"") | M30: =IF('CN (Nygaardians)'!$Y$42>2006+$B$1,'CN (Nygaardians)'!$O$42,"") | P30: =IF('CS (Shag Dawgs)'!$Y$42>2006+$B$1,'CS (Shag Dawgs)'!$O$42,"") | S30: =IF('DC (Cliff Lee Was Here)'!$Y$42>2006+$B$1,'DC (Cliff Lee Was Here)'!$O$42,"") | V30: =IF('JM (JMoney)'!$Y$42>2006+$B$1,'JM (JMoney)'!$O$42,"") | Y30: =IF('JJ (metropolitans)'!$Y$42>2006+$B$1,'JJ (metropolitans)'!$O$42,"") | AB30: =IF('KJ (Stat Sandwich)'!$Y$42>2006+$B$1,'KJ (Stat Sandwich)'!$O$42,"") | AE30: =IF('EP (Winning De)'!$Y$42>2006+$B$1,'EP (Winning De)'!$O$42,"") | AH30: =IF('MB (Beckers Wreckers)'!$Y$42>2006+$B$1,'MB (Beckers Wreckers)'!$O$42,"") | AK30: =IF('MH (sabermutrics)'!$Y$42>2006+$B$1,'MH (sabermutrics)'!$O$42,"") | AN30: =IF('MT (Tradezilla)'!$Y$42>2006+$B$1,'MT (Tradezilla)'!$O$42,"") | AQ30: =IF('SM (Dawsyn)'!$Y$42>2006+$B$1,'SM (Dawsyn)'!$O$42,"")
D31: =IF('AC (Dumpster Fires)'!$Y$42>2006+$B$1,'AC (Dumpster Fires)'!$AA$42,"") | E31: =IF('AC (Dumpster Fires)'!$Y$42>2006+$B$1,'AC (Dumpster Fires)'!$Y$42,"") | G31: =IF('AW (Minor)'!$Y$42>2006+$B$1,'AW (Minor)'!$AA$42,"") | H31: =IF('AW (Minor)'!$Y$42>2006+$B$1,'AW (Minor)'!$Y$42,"") | J31: =IF('BL (Brockasauras)'!$Y$42>2006+$B$1,'BL (Brockasauras)'!$AA$42,"") | K31: =IF('BL (Brockasauras)'!$Y$42>2006+$B$1,'BL (Brockasauras)'!$Y$42,"") | M31: =IF('CN (Nygaardians)'!$Y$42>2006+$B$1,'CN (Nygaardians)'!$AA$42,"") | N31: =IF('CN (Nygaardians)'!$Y$42>2006+$B$1,'CN (Nygaardians)'!$Y$42,"") | P31: =IF('CS (Shag Dawgs)'!$Y$42>2006+$B$1,'CS (Shag Dawgs)'!$AA$42,"") | Q31: =IF('CS (Shag Dawgs)'!$Y$42>2006+$B$1,'CS (Shag Dawgs)'!$Y$42,"") | S31: =IF('DC (Cliff Lee Was Here)'!$Y$42>2006+$B$1,'DC (Cliff Lee Was Here)'!$AA$42,"") | T31: =IF('DC (Cliff Lee Was Here)'!$Y$42>2006+$B$1,'DC (Cliff Lee Was Here)'!$Y$42,"") | V31: =IF('JM (JMoney)'!$Y$42>2006+$B$1,'JM (JMoney)'!$AA$42,"") | W31: =IF('JM (JMoney)'!$Y$42>2006+$B$1,'JM (JMoney)'!$Y$42,"") | Y31: =IF('JJ (metropolitans)'!$Y$42>2006+$B$1,'JJ (metropolitans)'!$AA$42,"") | Z31: =IF('JJ (metropolitans)'!$Y$42>2006+$B$1,'JJ (metropolitans)'!$Y$42,"") | AB31: =IF('KJ (Stat Sandwich)'!$Y$42>2006+$B$1,'KJ (Stat Sandwich)'!$AA$42,"") | AC31: =IF('KJ (Stat Sandwich)'!$Y$42>2006+$B$1,'KJ (Stat Sandwich)'!$Y$42,"") | AE31: =IF('EP (Winning De)'!$Y$42>2006+$B$1,'EP (Winning De)'!$AA$42,"") | AF31: =IF('EP (Winning De)'!$Y$42>2006+$B$1,'EP (Winning De)'!$Y$42,"") | AH31: =IF('MB (Beckers Wreckers)'!$Y$42>2006+$B$1,'MB (Beckers Wreckers)'!$AA$42,"") | AI31: =IF('MB (Beckers Wreckers)'!$Y$42>2006+$B$1,'MB (Beckers Wreckers)'!$Y$42,"") | AK31: =IF('MH (sabermutrics)'!$Y$42>2006+$B$1,'MH (sabermutrics)'!$AA$42,"") | AL31: =IF('MH (sabermutrics)'!$Y$42>2006+$B$1,'MH (sabermutrics)'!$Y$42,"") | AN31: =IF('MT (Tradezilla)'!$Y$42>2006+$B$1,'MT (Tradezilla)'!$AA$42,"") | AO31: =IF('MT (Tradezilla)'!$Y$42>2006+$B$1,'MT (Tradezilla)'!$Y$42,"") | AQ31: =IF('SM (Dawsyn)'!$Y$42>2006+$B$1,'SM (Dawsyn)'!$AA$42,"") | AR31: =IF('SM (Dawsyn)'!$Y$42>2006+$B$1,'SM (Dawsyn)'!$Y$42,"")
D32: =IF('AC (Dumpster Fires)'!$Y$45>2006+$B$1,'AC (Dumpster Fires)'!$O$45,"") | G32: =IF('AW (Minor)'!$Y$45>2006+$B$1,'AW (Minor)'!$O$45,"") | J32: =IF('BL (Brockasauras)'!$Y$45>2006+$B$1,'BL (Brockasauras)'!$O$45,"") | M32: =IF('CN (Nygaardians)'!$Y$45>2006+$B$1,'CN (Nygaardians)'!$O$45,"") | P32: =IF('CS (Shag Dawgs)'!$Y$45>2006+$B$1,'CS (Shag Dawgs)'!$O$45,"") | S32: =IF('DC (Cliff Lee Was Here)'!$Y$45>2006+$B$1,'DC (Cliff Lee Was Here)'!$O$45,"") | V32: =IF('JM (JMoney)'!$Y$45>2006+$B$1,'JM (JMoney)'!$O$45,"") | Y32: =IF('JJ (metropolitans)'!$Y$45>2006+$B$1,'JJ (metropolitans)'!$O$45,"") | AB32: =IF('KJ (Stat Sandwich)'!$Y$45>2006+$B$1,'KJ (Stat Sandwich)'!$O$45,"") | AE32: =IF('EP (Winning De)'!$Y$45>2006+$B$1,'EP (Winning De)'!$O$45,"") | AH32: =IF('MB (Beckers Wreckers)'!$Y$45>2006+$B$1,'MB (Beckers Wreckers)'!$O$45,"") | AK32: =IF('MH (sabermutrics)'!$Y$45>2006+$B$1,'MH (sabermutrics)'!$O$45,"") | AN32: =IF('MT (Tradezilla)'!$Y$45>2006+$B$1,'MT (Tradezilla)'!$O$45,"") | AQ32: =IF('SM (Dawsyn)'!$Y$45>2006+$B$1,'SM (Dawsyn)'!$O$45,"")
D33: =IF('AC (Dumpster Fires)'!$Y$45>2006+$B$1,'AC (Dumpster Fires)'!$AA$45,"") | E33: =IF('AC (Dumpster Fires)'!$Y$45>2006+$B$1,'AC (Dumpster Fires)'!$Y$45,"") | G33: =IF('AW (Minor)'!$Y$45>2006+$B$1,'AW (Minor)'!$AA$45,"") | H33: =IF('AW (Minor)'!$Y$45>2006+$B$1,'AW (Minor)'!$Y$45,"") | J33: =IF('BL (Brockasauras)'!$Y$45>2006+$B$1,'BL (Brockasauras)'!$AA$45,"") | K33: =IF('BL (Brockasauras)'!$Y$45>2006+$B$1,'BL (Brockasauras)'!$Y$45,"") | M33: =IF('CN (Nygaardians)'!$Y$45>2006+$B$1,'CN (Nygaardians)'!$AA$45,"") | N33: =IF('CN (Nygaardians)'!$Y$45>2006+$B$1,'CN (Nygaardians)'!$Y$45,"") | P33: =IF('CS (Shag Dawgs)'!$Y$45>2006+$B$1,'CS (Shag Dawgs)'!$AA$45,"") | Q33: =IF('CS (Shag Dawgs)'!$Y$45>2006+$B$1,'CS (Shag Dawgs)'!$Y$45,"") | S33: =IF('DC (Cliff Lee Was Here)'!$Y$45>2006+$B$1,'DC (Cliff Lee Was Here)'!$AA$45,"") | T33: =IF('DC (Cliff Lee Was Here)'!$Y$45>2006+$B$1,'DC (Cliff Lee Was Here)'!$Y$45,"") | V33: =IF('JM (JMoney)'!$Y$45>2006+$B$1,'JM (JMoney)'!$AA$45,"") | W33: =IF('JM (JMoney)'!$Y$45>2006+$B$1,'JM (JMoney)'!$Y$45,"") | Y33: =IF('JJ (metropolitans)'!$Y$45>2006+$B$1,'JJ (metropolitans)'!$AA$45,"") | Z33: =IF('JJ (metropolitans)'!$Y$45>2006+$B$1,'JJ (metropolitans)'!$Y$45,"") | AB33: =IF('KJ (Stat Sandwich)'!$Y$45>2006+$B$1,'KJ (Stat Sandwich)'!$AA$45,"") | AC33: =IF('KJ (Stat Sandwich)'!$Y$45>2006+$B$1,'KJ (Stat Sandwich)'!$Y$45,"") | AE33: =IF('EP (Winning De)'!$Y$45>2006+$B$1,'EP (Winning De)'!$AA$45,"") | AF33: =IF('EP (Winning De)'!$Y$45>2006+$B$1,'EP (Winning De)'!$Y$45,"") | AH33: =IF('MB (Beckers Wreckers)'!$Y$45>2006+$B$1,'MB (Beckers Wreckers)'!$AA$45,"") | AI33: =IF('MB (Beckers Wreckers)'!$Y$45>2006+$B$1,'MB (Beckers Wreckers)'!$Y$45,"") | AK33: =IF('MH (sabermutrics)'!$Y$45>2006+$B$1,'MH (sabermutrics)'!$AA$45,"") | AL33: =IF('MH (sabermutrics)'!$Y$45>2006+$B$1,'MH (sabermutrics)'!$Y$45,"") | AN33: =IF('MT (Tradezilla)'!$Y$45>2006+$B$1,'MT (Tradezilla)'!$AA$45,"") | AO33: =IF('MT (Tradezilla)'!$Y$45>2006+$B$1,'MT (Tradezilla)'!$Y$45,"") | AQ33: =IF('SM (Dawsyn)'!$Y$45>2006+$B$1,'SM (Dawsyn)'!$AA$45,"") | AR33: =IF('SM (Dawsyn)'!$Y$45>2006+$B$1,'SM (Dawsyn)'!$Y$45,"")
D34: =IF('AC (Dumpster Fires)'!$Y$48>2006+$B$1,'AC (Dumpster Fires)'!$O$48,"") | G34: =IF('AW (Minor)'!$Y$48>2006+$B$1,'AW (Minor)'!$O$48,"") | J34: =IF('BL (Brockasauras)'!$Y$48>2006+$B$1,'BL (Brockasauras)'!$O$48,"") | M34: =IF('CN (Nygaardians)'!$Y$48>2006+$B$1,'CN (Nygaardians)'!$O$48,"") | P34: =IF('CS (Shag Dawgs)'!$Y$48>2006+$B$1,'CS (Shag Dawgs)'!$O$48,"") | S34: =IF('DC (Cliff Lee Was Here)'!$Y$48>2006+$B$1,'DC (Cliff Lee Was Here)'!$O$48,"") | V34: =IF('JM (JMoney)'!$Y$48>2006+$B$1,'JM (JMoney)'!$O$48,"") | Y34: =IF('JJ (metropolitans)'!$Y$48>2006+$B$1,'JJ (metropolitans)'!$O$48,"") | AB34: =IF('KJ (Stat Sandwich)'!$Y$48>2006+$B$1,'KJ (Stat Sandwich)'!$O$48,"") | AE34: =IF('EP (Winning De)'!$Y$48>2006+$B$1,'EP (Winning De)'!$O$48,"") | AH34: =IF('MB (Beckers Wreckers)'!$Y$48>2006+$B$1,'MB (Beckers Wreckers)'!$O$48,"") | AK34: =IF('MH (sabermutrics)'!$Y$48>2006+$B$1,'MH (sabermutrics)'!$O$48,"") | AN34: =IF('MT (Tradezilla)'!$Y$48>2006+$B$1,'MT (Tradezilla)'!$O$48,"") | AQ34: =IF('SM (Dawsyn)'!$Y$48>2006+$B$1,'SM (Dawsyn)'!$O$48,"")
D35: =IF('AC (Dumpster Fires)'!$Y$48>2006+$B$1,'AC (Dumpster Fires)'!$AA$48,"") | E35: =IF('AC (Dumpster Fires)'!$Y$48>2006+$B$1,'AC (Dumpster Fires)'!$Y$48,"") | G35: =IF('AW (Minor)'!$Y$48>2006+$B$1,'AW (Minor)'!$AA$48,"") | H35: =IF('AW (Minor)'!$Y$48>2006+$B$1,'AW (Minor)'!$Y$48,"") | J35: =IF('BL (Brockasauras)'!$Y$48>2006+$B$1,'BL (Brockasauras)'!$AA$48,"") | K35: =IF('BL (Brockasauras)'!$Y$48>2006+$B$1,'BL (Brockasauras)'!$Y$48,"") | M35: =IF('CN (Nygaardians)'!$Y$48>2006+$B$1,'CN (Nygaardians)'!$AA$48,"") | N35: =IF('CN (Nygaardians)'!$Y$48>2006+$B$1,'CN (Nygaardians)'!$Y$48,"") | P35: =IF('CS (Shag Dawgs)'!$Y$48>2006+$B$1,'CS (Shag Dawgs)'!$AA$48,"") | Q35: =IF('CS (Shag Dawgs)'!$Y$48>2006+$B$1,'CS (Shag Dawgs)'!$Y$48,"") | S35: =IF('DC (Cliff Lee Was Here)'!$Y$48>2006+$B$1,'DC (Cliff Lee Was Here)'!$AA$48,"") | T35: =IF('DC (Cliff Lee Was Here)'!$Y$48>2006+$B$1,'DC (Cliff Lee Was Here)'!$Y$48,"") | V35: =IF('JM (JMoney)'!$Y$48>2006+$B$1,'JM (JMoney)'!$AA$48,"") | W35: =IF('JM (JMoney)'!$Y$48>2006+$B$1,'JM (JMoney)'!$Y$48,"") | Y35: =IF('JJ (metropolitans)'!$Y$48>2006+$B$1,'JJ (metropolitans)'!$AA$48,"") | Z35: =IF('JJ (metropolitans)'!$Y$48>2006+$B$1,'JJ (metropolitans)'!$Y$48,"") | AB35: =IF('KJ (Stat Sandwich)'!$Y$48>2006+$B$1,'KJ (Stat Sandwich)'!$AA$48,"") | AC35: =IF('KJ (Stat Sandwich)'!$Y$48>2006+$B$1,'KJ (Stat Sandwich)'!$Y$48,"") | AE35: =IF('EP (Winning De)'!$Y$48>2006+$B$1,'EP (Winning De)'!$AA$48,"") | AF35: =IF('EP (Winning De)'!$Y$48>2006+$B$1,'EP (Winning De)'!$Y$48,"") | AH35: =IF('MB (Beckers Wreckers)'!$Y$48>2006+$B$1,'MB (Beckers Wreckers)'!$AA$48,"") | AI35: =IF('MB (Beckers Wreckers)'!$Y$48>2006+$B$1,'MB (Beckers Wreckers)'!$Y$48,"") | AK35: =IF('MH (sabermutrics)'!$Y$48>2006+$B$1,'MH (sabermutrics)'!$AA$48,"") | AL35: =IF('MH (sabermutrics)'!$Y$48>2006+$B$1,'MH (sabermutrics)'!$Y$48,"") | AN35: =IF('MT (Tradezilla)'!$Y$48>2006+$B$1,'MT (Tradezilla)'!$AA$48,"") | AO35: =IF('MT (Tradezilla)'!$Y$48>2006+$B$1,'MT (Tradezilla)'!$Y$48,"") | AQ35: =IF('SM (Dawsyn)'!$Y$48>2006+$B$1,'SM (Dawsyn)'!$AA$48,"") | AR35: =IF('SM (Dawsyn)'!$Y$48>2006+$B$1,'SM (Dawsyn)'!$Y$48,"")
A37: Farm | B37: MLB experience? (Yes/No) | D37: ='AC (Dumpster Fires)'!C38 | G37: ='AW (Minor)'!C38 | J37: =IF('BL (Brockasauras)'!$F$38>0,'BL (Brockasauras)'!$C$38,"") | M37: =IF('CN (Nygaardians)'!$F$38>0,'CN (Nygaardians)'!$C$38,"") | P37: =IF('CS (Shag Dawgs)'!$F$38>0,'CS (Shag Dawgs)'!$C$38,"") | S37: =IF('DC (Cliff Lee Was Here)'!$F$39>0,'DC (Cliff Lee Was Here)'!$C$38,"") | V37: =IF('JM (JMoney)'!$F$38>0,'JM (JMoney)'!$C$38,"") | Y37: =IF('JJ (metropolitans)'!$F$38>0,'JJ (metropolitans)'!$C$38,"") | AB37: =IF('KJ (Stat Sandwich)'!$F$38>0,'KJ (Stat Sandwich)'!$C$38,"") | AE37: =IF('EP (Winning De)'!$F$38>0,'EP (Winning De)'!$C$38,"") | AH37: =IF('MB (Beckers Wreckers)'!$F$38>0,'MB (Beckers Wreckers)'!$C$38,"") | AK37: =IF('MH (sabermutrics)'!$F$38>0,'MH (sabermutrics)'!$C$38,"") | AN37: =IF('MT (Tradezilla)'!$F$38>0,'MT (Tradezilla)'!$C$38,"") | AQ37: =IF('SM (Dawsyn)'!$F$38>0,'SM (Dawsyn)'!$C$38,"")
D38: ='AC (Dumpster Fires)'!F38 | E38: ='AC (Dumpster Fires)'!I38 | G38: ='AW (Minor)'!F38 | H38: ='AW (Minor)'!I38 | J38: =IF('BL (Brockasauras)'!$F$38>0,'BL (Brockasauras)'!$F$38,"") | K38: =IF('BL (Brockasauras)'!$F$38>0,'BL (Brockasauras)'!$I$38,"") | M38: =IF('CN (Nygaardians)'!$F$38>0,'CN (Nygaardians)'!$F$38,"") | N38: =IF('CN (Nygaardians)'!$F$38>0,'CN (Nygaardians)'!$I$38,"") | P38: =IF('CS (Shag Dawgs)'!$F$38>0,'CS (Shag Dawgs)'!$F$38,"") | Q38: =IF('CS (Shag Dawgs)'!$F$38>0,'CS (Shag Dawgs)'!$I$38,"") | S38: =IF('DC (Cliff Lee Was Here)'!$F$39>0,'DC (Cliff Lee Was Here)'!$F$39,"") | T38: =IF('DC (Cliff Lee Was Here)'!$F$39>0,'DC (Cliff Lee Was Here)'!$I$38,"") | V38: =IF('JM (JMoney)'!$F$38>0,'JM (JMoney)'!$F$38,"") | W38: =IF('JM (JMoney)'!$F$38>0,'JM (JMoney)'!$I$38,"") | Y38: =IF('JJ (metropolitans)'!$F$38>0,'JJ (metropolitans)'!$F$38,"") | Z38: =IF('JJ (metropolitans)'!$F$38>0,'JJ (metropolitans)'!$I$38,"") | AB38: =IF('KJ (Stat Sandwich)'!$F$38>0,'KJ (Stat Sandwich)'!$F$38,"") | AC38: =IF('KJ (Stat Sandwich)'!$F$38>0,'KJ (Stat Sandwich)'!$I$38,"") | AE38: =IF('EP (Winning De)'!$F$38>0,'EP (Winning De)'!$F$38,"") | AF38: =IF('EP (Winning De)'!$F$38>0,'EP (Winning De)'!$I$38,"") | AH38: =IF('MB (Beckers Wreckers)'!$F$38>0,'MB (Beckers Wreckers)'!$F$38,"") | AI38: =IF('MB (Beckers Wreckers)'!$F$38>0,'MB (Beckers Wreckers)'!$I$38,"") | AK38: =IF('MH (sabermutrics)'!$F$38>0,'MH (sabermutrics)'!$F$38,"") | AL38: =IF('MH (sabermutrics)'!$F$38>0,'MH (sabermutrics)'!$I$38,"") | AN38: =IF('MT (Tradezilla)'!$F$38>0,'MT (Tradezilla)'!$F$38,"") | AO38: =IF('MT (Tradezilla)'!$F$38>0,'MT (Tradezilla)'!$I$38,"") | AQ38: =IF('SM (Dawsyn)'!$F$38>0,'SM (Dawsyn)'!$F$38,"") | AR38: =IF('SM (Dawsyn)'!$F$38>0,'SM (Dawsyn)'!$I$38,"")
D39: ='AC (Dumpster Fires)'!C39 | G39: ='AW (Minor)'!C39 | J39: =IF('BL (Brockasauras)'!$F$39>0,'BL (Brockasauras)'!$C$39,"") | M39: =IF('CN (Nygaardians)'!$F$39>0,'CN (Nygaardians)'!$C$39,"") | P39: =IF('CS (Shag Dawgs)'!$F$39>0,'CS (Shag Dawgs)'!$C$39,"") | S39: =IF(#REF!>0,'DC (Cliff Lee Was Here)'!$C$39,"") | V39: =IF('JM (JMoney)'!$F$39>0,'JM (JMoney)'!$C$39,"") | Y39: =IF('JJ (metropolitans)'!$F$39>0,'JJ (metropolitans)'!$C$39,"") | AB39: =IF('KJ (Stat Sandwich)'!$F$39>0,'KJ (Stat Sandwich)'!$C$39,"") | AE39: =IF('EP (Winning De)'!$F$39>0,'EP (Winning De)'!$C$39,"") | AH39: =IF('MB (Beckers Wreckers)'!$F$39>0,'MB (Beckers Wreckers)'!$C$39,"") | AK39: =IF('MH (sabermutrics)'!$F$39>0,'MH (sabermutrics)'!$C$39,"") | AN39: =IF('MT (Tradezilla)'!$F$39>0,'MT (Tradezilla)'!$C$39,"") | AQ39: =IF('SM (Dawsyn)'!$F$39>0,'SM (Dawsyn)'!$C$39,"")
D40: ='AC (Dumpster Fires)'!F39 | E40: ='AC (Dumpster Fires)'!I39 | G40: ='AW (Minor)'!F39 | H40: ='AW (Minor)'!I39 | J40: =IF('BL (Brockasauras)'!$F$39>0,'BL (Brockasauras)'!$F$39,"") | K40: =IF('BL (Brockasauras)'!$F$39>0,'BL (Brockasauras)'!$I$39,"") | M40: =IF('CN (Nygaardians)'!$F$39>0,'CN (Nygaardians)'!$F$39,"") | N40: =IF('CN (Nygaardians)'!$F$39>0,'CN (Nygaardians)'!$I$39,"") | P40: =IF('CS (Shag Dawgs)'!$F$39>0,'CS (Shag Dawgs)'!$F$39,"") | Q40: =IF('CS (Shag Dawgs)'!$F$39>0,'CS (Shag Dawgs)'!$I$39,"") | S40: =IF(#REF!>0,#REF!,"") | T40: =IF(#REF!>0,'DC (Cliff Lee Was Here)'!$I$39,"") | V40: =IF('JM (JMoney)'!$F$39>0,'JM (JMoney)'!$F$39,"") | W40: =IF('JM (JMoney)'!$F$39>0,'JM (JMoney)'!$I$39,"") | Y40: =IF('JJ (metropolitans)'!$F$39>0,'JJ (metropolitans)'!$F$39,"") | Z40: =IF('JJ (metropolitans)'!$F$39>0,'JJ (metropolitans)'!$I$39,"") | AB40: =IF('KJ (Stat Sandwich)'!$F$39>0,'KJ (Stat Sandwich)'!$F$39,"") | AC40: =IF('KJ (Stat Sandwich)'!$F$39>0,'KJ (Stat Sandwich)'!$I$39,"") | AE40: =IF('EP (Winning De)'!$F$39>0,'EP (Winning De)'!$F$39,"") | AF40: =IF('EP (Winning De)'!$F$39>0,'EP (Winning De)'!$I$39,"") | AH40: =IF('MB (Beckers Wreckers)'!$F$39>0,'MB (Beckers Wreckers)'!$F$39,"") | AI40: =IF('MB (Beckers Wreckers)'!$F$39>0,'MB (Beckers Wreckers)'!$I$39,"") | AK40: =IF('MH (sabermutrics)'!$F$39>0,'MH (sabermutrics)'!$F$39,"") | AL40: =IF('MH (sabermutrics)'!$F$39>0,'MH (sabermutrics)'!$I$39,"") | AN40: =IF('MT (Tradezilla)'!$F$39>0,'MT (Tradezilla)'!$F$39,"") | AO40: =IF('MT (Tradezilla)'!$F$39>0,'MT (Tradezilla)'!$I$39,"") | AQ40: =IF('SM (Dawsyn)'!$F$39>0,'SM (Dawsyn)'!$F$39,"") | AR40: =IF('SM (Dawsyn)'!$F$39>0,'SM (Dawsyn)'!$I$39,"")
D41: ='AC (Dumpster Fires)'!C40 | G41: ='AW (Minor)'!C40 | J41: =IF('BL (Brockasauras)'!$F$40>0,'BL (Brockasauras)'!$C$40,"") | M41: =IF('CN (Nygaardians)'!$F$40>0,'CN (Nygaardians)'!$C$40,"") | P41: =IF('CS (Shag Dawgs)'!$F$40>0,'CS (Shag Dawgs)'!$C$40,"") | S41: =IF('DC (Cliff Lee Was Here)'!$F$40>0,'DC (Cliff Lee Was Here)'!$C$40,"") | V41: =IF('JM (JMoney)'!$F$40>0,'JM (JMoney)'!$C$40,"") | Y41: =IF('JJ (metropolitans)'!$F$40>0,'JJ (metropolitans)'!$C$40,"") | AB41: =IF('KJ (Stat Sandwich)'!$F$40>0,'KJ (Stat Sandwich)'!$C$40,"") | AE41: =IF('EP (Winning De)'!$F$40>0,'EP (Winning De)'!$C$40,"") | AH41: =IF('MB (Beckers Wreckers)'!$F$40>0,'MB (Beckers Wreckers)'!$C$40,"") | AK41: =IF('MH (sabermutrics)'!$F$40>0,'MH (sabermutrics)'!$C$40,"") | AN41: =IF('MT (Tradezilla)'!$F$40>0,'MT (Tradezilla)'!$C$40,"") | AQ41: =IF('SM (Dawsyn)'!$F$40>0,'SM (Dawsyn)'!$C$40,"")
D42: ='AC (Dumpster Fires)'!F40 | E42: ='AC (Dumpster Fires)'!I40 | G42: ='AW (Minor)'!F40 | H42: ='AW (Minor)'!I40 | J42: =IF('BL (Brockasauras)'!$F$40>0,'BL (Brockasauras)'!$F$40,"") | K42: =IF('BL (Brockasauras)'!$F$40>0,'BL (Brockasauras)'!$I$40,"") | M42: =IF('CN (Nygaardians)'!$F$40>0,'CN (Nygaardians)'!$F$40,"") | N42: =IF('CN (Nygaardians)'!$F$40>0,'CN (Nygaardians)'!$I$40,"") | P42: =IF('CS (Shag Dawgs)'!$F$40>0,'CS (Shag Dawgs)'!$F$40,"") | Q42: =IF('CS (Shag Dawgs)'!$F$40>0,'CS (Shag Dawgs)'!$I$40,"") | S42: =IF('DC (Cliff Lee Was Here)'!$F$40>0,'DC (Cliff Lee Was Here)'!$F$40,"") | T42: =IF('DC (Cliff Lee Was Here)'!$F$40>0,'DC (Cliff Lee Was Here)'!$I$40,"") | V42: =IF('JM (JMoney)'!$F$40>0,'JM (JMoney)'!$F$40,"") | W42: =IF('JM (JMoney)'!$F$40>0,'JM (JMoney)'!$I$40,"") | Y42: =IF('JJ (metropolitans)'!$F$40>0,'JJ (metropolitans)'!$F$40,"") | Z42: =IF('JJ (metropolitans)'!$F$40>0,'JJ (metropolitans)'!$I$40,"") | AB42: =IF('KJ (Stat Sandwich)'!$F$40>0,'KJ (Stat Sandwich)'!$F$40,"") | AC42: =IF('KJ (Stat Sandwich)'!$F$40>0,'KJ (Stat Sandwich)'!$I$40,"") | AE42: =IF('EP (Winning De)'!$F$40>0,'EP (Winning De)'!$F$40,"") | AF42: =IF('EP (Winning De)'!$F$39>0,'EP (Winning De)'!$I$39,"") | AH42: =IF('MB (Beckers Wreckers)'!$F$40>0,'MB (Beckers Wreckers)'!$F$40,"") | AI42: =IF('MB (Beckers Wreckers)'!$F$40>0,'MB (Beckers Wreckers)'!$I$40,"") | AK42: =IF('MH (sabermutrics)'!$F$40>0,'MH (sabermutrics)'!$F$40,"") | AL42: =IF('MH (sabermutrics)'!$F$40>0,'MH (sabermutrics)'!$I$40,"") | AN42: =IF('MT (Tradezilla)'!$F$40>0,'MT (Tradezilla)'!$F$40,"") | AO42: =IF('MT (Tradezilla)'!$F$40>0,'MT (Tradezilla)'!$I$40,"") | AQ42: =IF('SM (Dawsyn)'!$F$40>0,'SM (Dawsyn)'!$F$40,"") | AR42: =IF('SM (Dawsyn)'!$F$40>0,'SM (Dawsyn)'!$I$40,"")
D43: ='AC (Dumpster Fires)'!C41 | G43: ='AW (Minor)'!C41 | J43: =IF('BL (Brockasauras)'!$F$41>0,'BL (Brockasauras)'!$C$41,"") | M43: =IF('CN (Nygaardians)'!$F$41>0,'CN (Nygaardians)'!$C$41,"") | P43: =IF('CS (Shag Dawgs)'!$F$41>0,'CS (Shag Dawgs)'!$C$41,"") | S43: =IF('DC (Cliff Lee Was Here)'!$F$41>0,'DC (Cliff Lee Was Here)'!$C$41,"") | V43: =IF('JM (JMoney)'!$F$41>0,'JM (JMoney)'!$C$41,"") | Y43: =IF('JJ (metropolitans)'!$F$41>0,'JJ (metropolitans)'!$C$41,"") | AB43: =IF('KJ (Stat Sandwich)'!$F$41>0,'KJ (Stat Sandwich)'!$C$41,"") | AE43: =IF('EP (Winning De)'!$F$41>0,'EP (Winning De)'!$C$41,"") | AH43: =IF('MB (Beckers Wreckers)'!$F$41>0,'MB (Beckers Wreckers)'!$C$41,"") | AK43: =IF('MH (sabermutrics)'!$F$41>0,'MH (sabermutrics)'!$C$41,"") | AN43: =IF('MT (Tradezilla)'!$F$41>0,'MT (Tradezilla)'!$C$41,"") | AQ43: =IF('SM (Dawsyn)'!$F$41>0,'SM (Dawsyn)'!$C$41,"")
D44: ='AC (Dumpster Fires)'!F41 | E44: ='AC (Dumpster Fires)'!I41 | G44: ='AW (Minor)'!F41 | H44: ='AW (Minor)'!I41 | J44: =IF('BL (Brockasauras)'!$F$41>0,'BL (Brockasauras)'!$F$41,"") | K44: =IF('BL (Brockasauras)'!$F$41>0,'BL (Brockasauras)'!$I$41,"") | M44: =IF('CN (Nygaardians)'!$F$41>0,'CN (Nygaardians)'!$F$41,"") | N44: =IF('CN (Nygaardians)'!$F$41>0,'CN (Nygaardians)'!$I$41,"") | P44: =IF('CS (Shag Dawgs)'!$F$41>0,'CS (Shag Dawgs)'!$F$41,"") | Q44: =IF('CS (Shag Dawgs)'!$F$41>0,'CS (Shag Dawgs)'!$I$41,"") | S44: =IF('DC (Cliff Lee Was Here)'!$F$41>0,'DC (Cliff Lee Was Here)'!$F$41,"") | T44: =IF('DC (Cliff Lee Was Here)'!$F$41>0,'DC (Cliff Lee Was Here)'!$I$41,"") | V44: =IF('JM (JMoney)'!$F$41>0,'JM (JMoney)'!$F$41,"") | W44: =IF('JM (JMoney)'!$F$41>0,'JM (JMoney)'!$I$41,"") | Y44: =IF('JJ (metropolitans)'!$F$41>0,'JJ (metropolitans)'!$F$41,"") | Z44: =IF('JJ (metropolitans)'!$F$41>0,'JJ (metropolitans)'!$I$41,"") | AB44: =IF('KJ (Stat Sandwich)'!$F$41>0,'KJ (Stat Sandwich)'!$F$41,"") | AC44: =IF('KJ (Stat Sandwich)'!$F$41>0,'KJ (Stat Sandwich)'!$I$41,"") | AE44: =IF('EP (Winning De)'!$F$41>0,'EP (Winning De)'!$F$41,"") | AF44: =IF('EP (Winning De)'!$F$41>0,'EP (Winning De)'!$I$41,"") | AH44: =IF('MB (Beckers Wreckers)'!$F$41>0,'MB (Beckers Wreckers)'!$F$41,"") | AI44: =IF('MB (Beckers Wreckers)'!$F$41>0,'MB (Beckers Wreckers)'!$I$41,"") | AK44: =IF('MH (sabermutrics)'!$F$41>0,'MH (sabermutrics)'!$F$41,"") | AL44: =IF('MH (sabermutrics)'!$F$41>0,'MH (sabermutrics)'!$I$41,"") | AN44: =IF('MT (Tradezilla)'!$F$41>0,'MT (Tradezilla)'!$F$41,"") | AO44: =IF('MT (Tradezilla)'!$F$41>0,'MT (Tradezilla)'!$I$41,"") | AQ44: =IF('SM (Dawsyn)'!$F$41>0,'SM (Dawsyn)'!$F$41,"") | AR44: =IF('SM (Dawsyn)'!$F$41>0,'SM (Dawsyn)'!$I$41,"")
D45: ='AC (Dumpster Fires)'!C42 | G45: ='AW (Minor)'!C42 | J45: =IF('BL (Brockasauras)'!$F$42>0,'BL (Brockasauras)'!$C$42,"") | M45: =IF('CN (Nygaardians)'!$F$42>0,'CN (Nygaardians)'!$C$42,"") | P45: =IF('CS (Shag Dawgs)'!$F$42>0,'CS (Shag Dawgs)'!$C$42,"") | S45: =IF('DC (Cliff Lee Was Here)'!$F$42>0,'DC (Cliff Lee Was Here)'!$C$42,"") | V45: =IF('JM (JMoney)'!$F$42>0,'JM (JMoney)'!$C$42,"") | Y45: =IF('JJ (metropolitans)'!$F$43>0,'JJ (metropolitans)'!$C$43,"") | AB45: =IF('KJ (Stat Sandwich)'!$F$42>0,'KJ (Stat Sandwich)'!$C$42,"") | AE45: =IF('EP (Winning De)'!$F$42>0,'EP (Winning De)'!$C$42,"") | AH45: =IF('MB (Beckers Wreckers)'!$F$42>0,'MB (Beckers Wreckers)'!$C$42,"") | AK45: =IF('MH (sabermutrics)'!$F$42>0,'MH (sabermutrics)'!$C$42,"") | AN45: =IF('MT (Tradezilla)'!$F$42>0,'MT (Tradezilla)'!$C$42,"") | AQ45: =IF('SM (Dawsyn)'!$F$42>0,'SM (Dawsyn)'!$C$42,"")
D46: ='AC (Dumpster Fires)'!F42 | E46: ='AC (Dumpster Fires)'!I42 | G46: ='AW (Minor)'!F42 | H46: ='AW (Minor)'!I42 | J46: =IF('BL (Brockasauras)'!$F$42>0,'BL (Brockasauras)'!$F$42,"") | K46: =IF('BL (Brockasauras)'!$F$42>0,'BL (Brockasauras)'!$I$42,"") | M46: =IF('CN (Nygaardians)'!$F$42>0,'CN (Nygaardians)'!$F$42,"") | N46: =IF('CN (Nygaardians)'!$F$42>0,'CN (Nygaardians)'!$I$42,"") | P46: =IF('CS (Shag Dawgs)'!$F$42>0,'CS (Shag Dawgs)'!$F$42,"") | Q46: =IF('CS (Shag Dawgs)'!$F$42>0,'CS (Shag Dawgs)'!$I$42,"") | S46: =IF('DC (Cliff Lee Was Here)'!$F$42>0,'DC (Cliff Lee Was Here)'!$F$42,"") | T46: =IF('DC (Cliff Lee Was Here)'!$F$42>0,'DC (Cliff Lee Was Here)'!$I$42,"") | V46: =IF('JM (JMoney)'!$F$42>0,'JM (JMoney)'!$F$42,"") | W46: =IF('JM (JMoney)'!$F$42>0,'JM (JMoney)'!$I$42,"") | Y46: =IF('JJ (metropolitans)'!$F$43>0,'JJ (metropolitans)'!$F$43,"") | Z46: =IF('JJ (metropolitans)'!$F$43>0,'JJ (metropolitans)'!$I$43,"") | AB46: =IF('KJ (Stat Sandwich)'!$F$42>0,'KJ (Stat Sandwich)'!$F$42,"") | AC46: =IF('KJ (Stat Sandwich)'!$F$42>0,'KJ (Stat Sandwich)'!$I$42,"") | AE46: =IF('EP (Winning De)'!$F$42>0,'EP (Winning De)'!$F$42,"") | AF46: =IF('EP (Winning De)'!$F$42>0,'EP (Winning De)'!$I$42,"") | AH46: =IF('MB (Beckers Wreckers)'!$F$42>0,'MB (Beckers Wreckers)'!$F$42,"") | AI46: =IF('MB (Beckers Wreckers)'!$F$42>0,'MB (Beckers Wreckers)'!$I$42,"") | AK46: =IF('MH (sabermutrics)'!$F$42>0,'MH (sabermutrics)'!$F$42,"") | AL46: =IF('MH (sabermutrics)'!$F$42>0,'MH (sabermutrics)'!$I$42,"") | AN46: =IF('MT (Tradezilla)'!$F$42>0,'MT (Tradezilla)'!$F$42,"") | AO46: =IF('MT (Tradezilla)'!$F$42>0,'MT (Tradezilla)'!$I$42,"") | AQ46: =IF('SM (Dawsyn)'!$F$42>0,'SM (Dawsyn)'!$F$42,"") | AR46: =IF('SM (Dawsyn)'!$F$42>0,'SM (Dawsyn)'!$I$42,"")
D47: ='AC (Dumpster Fires)'!C43 | G47: ='AW (Minor)'!C43 | J47: =IF('BL (Brockasauras)'!$F$43>0,'BL (Brockasauras)'!$C$43,"") | M47: =IF('CN (Nygaardians)'!$F$43>0,'CN (Nygaardians)'!$C$43,"") | P47: =IF('CS (Shag Dawgs)'!$F$43>0,'CS (Shag Dawgs)'!$C$43,"") | S47: =IF('DC (Cliff Lee Was Here)'!$F$43>0,'DC (Cliff Lee Was Here)'!$C$43,"") | V47: =IF('JM (JMoney)'!$F$43>0,'JM (JMoney)'!$C$43,"") | Y47: =IF('JJ (metropolitans)'!$F$44>0,'JJ (metropolitans)'!$C$44,"") | AB47: =IF('KJ (Stat Sandwich)'!$F$43>0,'KJ (Stat Sandwich)'!$C$43,"") | AE47: =IF('EP (Winning De)'!$F$43>0,'EP (Winning De)'!$C$43,"") | AH47: =IF('MB (Beckers Wreckers)'!$F$43>0,'MB (Beckers Wreckers)'!$C$43,"") | AK47: =IF('MH (sabermutrics)'!$F$43>0,'MH (sabermutrics)'!$C$43,"") | AN47: =IF('MT (Tradezilla)'!$F$43>0,'MT (Tradezilla)'!$C$43,"") | AQ47: =IF('SM (Dawsyn)'!$F$43>0,'SM (Dawsyn)'!$C$43,"")
D48: ='AC (Dumpster Fires)'!F43 | E48: ='AC (Dumpster Fires)'!I43 | G48: ='AW (Minor)'!F43 | H48: ='AW (Minor)'!I43 | J48: =IF('BL (Brockasauras)'!$F$43>0,'BL (Brockasauras)'!$F$43,"") | K48: =IF('BL (Brockasauras)'!$F$43>0,'BL (Brockasauras)'!$I$43,"") | M48: =IF('CN (Nygaardians)'!$F$43>0,'CN (Nygaardians)'!$F$43,"") | N48: =IF('CN (Nygaardians)'!$F$43>0,'CN (Nygaardians)'!$I$43,"") | P48: =IF('CS (Shag Dawgs)'!$F$43>0,'CS (Shag Dawgs)'!$F$43,"") | Q48: =IF('CS (Shag Dawgs)'!$F$43>0,'CS (Shag Dawgs)'!$I$43,"") | S48: =IF('DC (Cliff Lee Was Here)'!$F$43>0,'DC (Cliff Lee Was Here)'!$F$43,"") | T48: =IF('DC (Cliff Lee Was Here)'!$F$43>0,'DC (Cliff Lee Was Here)'!$I$43,"") | V48: =IF('JM (JMoney)'!$F$43>0,'JM (JMoney)'!$F$43,"") | W48: =IF('JM (JMoney)'!$F$43>0,'JM (JMoney)'!$I$43,"") | Y48: =IF('JJ (metropolitans)'!$F$44>0,'JJ (metropolitans)'!$F$44,"") | Z48: =IF('JJ (metropolitans)'!$F$41>0,'JJ (metropolitans)'!$I$44,"") | AB48: =IF('KJ (Stat Sandwich)'!$F$43>0,'KJ (Stat Sandwich)'!$F$43,"") | AC48: =IF('KJ (Stat Sandwich)'!$F$43>0,'KJ (Stat Sandwich)'!$I$43,"") | AE48: =IF('EP (Winning De)'!$F$43>0,'EP (Winning De)'!$F$43,"") | AF48: =IF('EP (Winning De)'!$F$43>0,'EP (Winning De)'!$I$43,"") | AH48: =IF('MB (Beckers Wreckers)'!$F$43>0,'MB (Beckers Wreckers)'!$F$43,"") | AI48: =IF('MB (Beckers Wreckers)'!$F$43>0,'MB (Beckers Wreckers)'!$I$43,"") | AK48: =IF('MH (sabermutrics)'!$F$43>0,'MH (sabermutrics)'!$F$43,"") | AL48: =IF('MH (sabermutrics)'!$F$43>0,'MH (sabermutrics)'!$I$43,"") | AN48: =IF('MT (Tradezilla)'!$F$43>0,'MT (Tradezilla)'!$F$43,"") | AO48: =IF('MT (Tradezilla)'!$F$43>0,'MT (Tradezilla)'!$I$43,"") | AQ48: =IF('SM (Dawsyn)'!$F$43>0,'SM (Dawsyn)'!$F$43,"") | AR48: =IF('SM (Dawsyn)'!$F$43>0,'SM (Dawsyn)'!$I$43,"")
D49: ='AC (Dumpster Fires)'!C44 | G49: ='AW (Minor)'!C44 | J49: =IF('BL (Brockasauras)'!$F$44>0,'BL (Brockasauras)'!$C$44,"") | M49: =IF('CN (Nygaardians)'!$F$44>0,'CN (Nygaardians)'!$C$44,"") | P49: =IF('CS (Shag Dawgs)'!$F$44>0,'CS (Shag Dawgs)'!$C$44,"") | S49: =IF('DC (Cliff Lee Was Here)'!$F$44>0,'DC (Cliff Lee Was Here)'!$C$44,"") | V49: =IF('JM (JMoney)'!$F$44>0,'JM (JMoney)'!$C$44,"") | Y49: =IF('JJ (metropolitans)'!$F$45>0,'JJ (metropolitans)'!$C$45,"") | AB49: =IF('KJ (Stat Sandwich)'!$F$44>0,'KJ (Stat Sandwich)'!$C$44,"") | AE49: =IF('EP (Winning De)'!$F$44>0,'EP (Winning De)'!$C$44,"") | AH49: =IF('MB (Beckers Wreckers)'!$F$44>0,'MB (Beckers Wreckers)'!$C$44,"") | AK49: =IF('MH (sabermutrics)'!$F$44>0,'MH (sabermutrics)'!$C$44,"") | AN49: =IF('MT (Tradezilla)'!$F$44>0,'MT (Tradezilla)'!$C$44,"") | AQ49: =IF('SM (Dawsyn)'!$F$44>0,'SM (Dawsyn)'!$C$44,"")
D50: ='AC (Dumpster Fires)'!F44 | E50: ='AC (Dumpster Fires)'!I44 | G50: ='AW (Minor)'!F44 | H50: ='AW (Minor)'!I44 | J50: =IF('BL (Brockasauras)'!$F$44>0,'BL (Brockasauras)'!$F$44,"") | K50: =IF('BL (Brockasauras)'!$F$44>0,'BL (Brockasauras)'!$I$44,"") | M50: =IF('CN (Nygaardians)'!$F$44>0,'CN (Nygaardians)'!$F$44,"") | N50: =IF('CN (Nygaardians)'!$F$44>0,'CN (Nygaardians)'!$I$44,"") | P50: =IF('CS (Shag Dawgs)'!$F$44>0,'CS (Shag Dawgs)'!$F$44,"") | Q50: =IF('CS (Shag Dawgs)'!$F$44>0,'CS (Shag Dawgs)'!$I$44,"") | S50: =IF('DC (Cliff Lee Was Here)'!$F$44>0,'DC (Cliff Lee Was Here)'!$F$44,"") | T50: =IF('DC (Cliff Lee Was Here)'!$F$44>0,'DC (Cliff Lee Was Here)'!$I$44,"") | V50: =IF('JM (JMoney)'!$F$44>0,'JM (JMoney)'!$F$44,"") | W50: =IF('JM (JMoney)'!$F$44>0,'JM (JMoney)'!$I$44,"") | Y50: =IF('JJ (metropolitans)'!$F$45>0,'JJ (metropolitans)'!$F$45,"") | Z50: =IF('JJ (metropolitans)'!$F$45>0,'JJ (metropolitans)'!$F$45,"") | AB50: =IF('KJ (Stat Sandwich)'!$F$44>0,'KJ (Stat Sandwich)'!$F$44,"") | AC50: =IF('KJ (Stat Sandwich)'!$F$44>0,'KJ (Stat Sandwich)'!$I$44,"") | AE50: =IF('EP (Winning De)'!$F$44>0,'EP (Winning De)'!$F$44,"") | AF50: =IF('EP (Winning De)'!$F$44>0,'EP (Winning De)'!$I$44,"") | AH50: =IF('MB (Beckers Wreckers)'!$F$44>0,'MB (Beckers Wreckers)'!$F$44,"") | AI50: =IF('MB (Beckers Wreckers)'!$F$44>0,'MB (Beckers Wreckers)'!$I$44,"") | AK50: =IF('MH (sabermutrics)'!$F$44>0,'MH (sabermutrics)'!$F$44,"") | AL50: =IF('MH (sabermutrics)'!$F$44>0,'MH (sabermutrics)'!$I$44,"") | AN50: =IF('MT (Tradezilla)'!$F$44>0,'MT (Tradezilla)'!$F$44,"") | AO50: =IF('MT (Tradezilla)'!$F$44>0,'MT (Tradezilla)'!$I$44,"") | AQ50: =IF('SM (Dawsyn)'!$F$44>0,'SM (Dawsyn)'!$F$44,"") | AR50: =IF('SM (Dawsyn)'!$F$44>0,'SM (Dawsyn)'!$I$44,"")
D51: ='AC (Dumpster Fires)'!C45 | G51: ='AW (Minor)'!C45 | J51: =IF('BL (Brockasauras)'!$F$45>0,'BL (Brockasauras)'!$C$45,"") | M51: =IF('CN (Nygaardians)'!$F$45>0,'CN (Nygaardians)'!$C$45,"") | P51: =IF('CS (Shag Dawgs)'!$F$45>0,'CS (Shag Dawgs)'!$C$45,"") | S51: =IF('DC (Cliff Lee Was Here)'!$F$45>0,'DC (Cliff Lee Was Here)'!$C$45,"") | V51: =IF('JM (JMoney)'!$F$40>0,'JM (JMoney)'!$C$40,"") | Y51: =IF('JJ (metropolitans)'!$F$46>0,'JJ (metropolitans)'!$C$46,"") | AB51: =IF('KJ (Stat Sandwich)'!$F$45>0,'KJ (Stat Sandwich)'!$C$45,"") | AE51: =IF('EP (Winning De)'!$F$45>0,'EP (Winning De)'!$C$45,"") | AH51: =IF('MB (Beckers Wreckers)'!$F$45>0,'MB (Beckers Wreckers)'!$C$45,"") | AK51: =IF('MH (sabermutrics)'!$F$45>0,'MH (sabermutrics)'!$C$45,"") | AN51: =IF('MT (Tradezilla)'!$F$45>0,'MT (Tradezilla)'!$C$45,"") | AQ51: =IF('SM (Dawsyn)'!$F$45>0,'SM (Dawsyn)'!$C$45,"")
D52: ='AC (Dumpster Fires)'!F45 | E52: ='AC (Dumpster Fires)'!I45 | G52: ='AW (Minor)'!F45 | H52: ='AW (Minor)'!I45 | J52: =IF('BL (Brockasauras)'!$F$45>0,'BL (Brockasauras)'!$F$45,"") | K52: =IF('BL (Brockasauras)'!$F$45>0,'BL (Brockasauras)'!$I$45,"") | M52: =IF('CN (Nygaardians)'!$F$45>0,'CN (Nygaardians)'!$F$45,"") | N52: =IF('CN (Nygaardians)'!$F$45>0,'CN (Nygaardians)'!$I$45,"") | P52: =IF('CS (Shag Dawgs)'!$F$45>0,'CS (Shag Dawgs)'!$F$45,"") | Q52: =IF('CS (Shag Dawgs)'!$F$45>0,'CS (Shag Dawgs)'!$I$45,"") | S52: =IF('DC (Cliff Lee Was Here)'!$F$45>0,'DC (Cliff Lee Was Here)'!$F$45,"") | T52: =IF('DC (Cliff Lee Was Here)'!$F$45>0,'DC (Cliff Lee Was Here)'!$I$45,"") | V52: =IF('JM (JMoney)'!$F$40>0,'JM (JMoney)'!$F$40,"") | W52: =IF('JM (JMoney)'!$F$40>0,'JM (JMoney)'!$I$40,"") | Y52: =IF('JJ (metropolitans)'!$F$46>0,'JJ (metropolitans)'!$F$46,"") | Z52: =IF('JJ (metropolitans)'!$F$46>0,'JJ (metropolitans)'!$F$46,"") | AB52: =IF('KJ (Stat Sandwich)'!$F$45>0,'KJ (Stat Sandwich)'!$F$45,"") | AC52: =IF('KJ (Stat Sandwich)'!$F$45>0,'KJ (Stat Sandwich)'!$I$45,"") | AE52: =IF('EP (Winning De)'!$F$45>0,'EP (Winning De)'!$F$45,"") | AF52: =IF('EP (Winning De)'!$F$45>0,'EP (Winning De)'!$I$45,"") | AH52: =IF('MB (Beckers Wreckers)'!$F$45>0,'MB (Beckers Wreckers)'!$F$45,"") | AI52: =IF('MB (Beckers Wreckers)'!$F$45>0,'MB (Beckers Wreckers)'!$I$45,"") | AK52: =IF('MH (sabermutrics)'!$F$45>0,'MH (sabermutrics)'!$F$45,"") | AL52: =IF('MH (sabermutrics)'!$F$45>0,'MH (sabermutrics)'!$I$45,"") | AN52: =IF('MT (Tradezilla)'!$F$45>0,'MT (Tradezilla)'!$F$45,"") | AO52: =IF('MT (Tradezilla)'!$F$45>0,'MT (Tradezilla)'!$I$45,"") | AQ52: =IF('SM (Dawsyn)'!$F$45>0,'SM (Dawsyn)'!$F$45,"") | AR52: =IF('SM (Dawsyn)'!$F$45>0,'SM (Dawsyn)'!$I$45,"")
D53: ='AC (Dumpster Fires)'!C46 | G53: ='AW (Minor)'!C46 | J53: =IF('BL (Brockasauras)'!$F$46>0,'BL (Brockasauras)'!$C$46,"") | M53: =IF('CN (Nygaardians)'!$F$46>0,'CN (Nygaardians)'!$C$46,"") | P53: =IF('CS (Shag Dawgs)'!$F$46>0,'CS (Shag Dawgs)'!$C$46,"") | S53: =IF('DC (Cliff Lee Was Here)'!$F$46>0,'DC (Cliff Lee Was Here)'!$C$46,"") | V53: =IF('JM (JMoney)'!$F$46>0,'JM (JMoney)'!$C$46,"") | Y53: =IF('JJ (metropolitans)'!$F$46>0,'JJ (metropolitans)'!$C$46,"") | AB53: =IF('KJ (Stat Sandwich)'!$F$46>0,'KJ (Stat Sandwich)'!$C$46,"") | AE53: =IF('EP (Winning De)'!$F$46>0,'EP (Winning De)'!$C$46,"") | AH53: =IF('MB (Beckers Wreckers)'!$F$46>0,'MB (Beckers Wreckers)'!$C$46,"") | AK53: =IF('MH (sabermutrics)'!$F$46>0,'MH (sabermutrics)'!$C$46,"") | AN53: =IF('MT (Tradezilla)'!$F$46>0,'MT (Tradezilla)'!$C$46,"") | AQ53: =IF('SM (Dawsyn)'!$F$46>0,'SM (Dawsyn)'!$C$46,"")
D54: ='AC (Dumpster Fires)'!F46 | E54: ='AC (Dumpster Fires)'!I46 | G54: ='AW (Minor)'!F46 | H54: ='AW (Minor)'!I46 | J54: =IF('BL (Brockasauras)'!$F$46>0,'BL (Brockasauras)'!$F$46,"") | K54: =IF('BL (Brockasauras)'!$F$46>0,'BL (Brockasauras)'!$I$46,"") | M54: =IF('CN (Nygaardians)'!$F$46>0,'CN (Nygaardians)'!$F$46,"") | N54: =IF('CN (Nygaardians)'!$F$46>0,'CN (Nygaardians)'!$I$46,"") | P54: =IF('CS (Shag Dawgs)'!$F$46>0,'CS (Shag Dawgs)'!$F$46,"") | Q54: =IF('CS (Shag Dawgs)'!$F$46>0,'CS (Shag Dawgs)'!$I$46,"") | S54: =IF('DC (Cliff Lee Was Here)'!$F$46>0,'DC (Cliff Lee Was Here)'!$F$46,"") | T54: =IF('DC (Cliff Lee Was Here)'!$F$46>0,'DC (Cliff Lee Was Here)'!$I$46,"") | V54: =IF('JM (JMoney)'!$F$46>0,'JM (JMoney)'!$F$46,"") | W54: =IF('JM (JMoney)'!$F$46>0,'JM (JMoney)'!$I$46,"") | Y54: =IF('JJ (metropolitans)'!$F$46>0,'JJ (metropolitans)'!$F$46,"") | Z54: =IF('JJ (metropolitans)'!$F$46>0,'JJ (metropolitans)'!$I$46,"") | AB54: =IF('KJ (Stat Sandwich)'!$F$46>0,'KJ (Stat Sandwich)'!$F$46,"") | AC54: =IF('KJ (Stat Sandwich)'!$F$46>0,'KJ (Stat Sandwich)'!$I$46,"") | AE54: =IF('EP (Winning De)'!$F$46>0,'EP (Winning De)'!$F$46,"") | AF54: =IF('EP (Winning De)'!$F$46>0,'EP (Winning De)'!$I$46,"") | AH54: =IF('MB (Beckers Wreckers)'!$F$46>0,'MB (Beckers Wreckers)'!$F$46,"") | AI54: =IF('MB (Beckers Wreckers)'!$F$46>0,'MB (Beckers Wreckers)'!$I$46,"") | AK54: =IF('MH (sabermutrics)'!$F$46>0,'MH (sabermutrics)'!$F$46,"") | AL54: =IF('MH (sabermutrics)'!$F$46>0,'MH (sabermutrics)'!$I$46,"") | AN54: =IF('MT (Tradezilla)'!$F$46>0,'MT (Tradezilla)'!$F$46,"") | AO54: =IF('MT (Tradezilla)'!$F$46>0,'MT (Tradezilla)'!$I$46,"") | AQ54: =IF('SM (Dawsyn)'!$F$46>0,'SM (Dawsyn)'!$F$46,"") | AR54: =IF('SM (Dawsyn)'!$F$46>0,'SM (Dawsyn)'!$I$46,"")
D55: ='AC (Dumpster Fires)'!C47 | G55: ='AW (Minor)'!C47 | J55: =IF('BL (Brockasauras)'!$F$47>0,'BL (Brockasauras)'!$C$47,"") | M55: =IF('CN (Nygaardians)'!$F$47>0,'CN (Nygaardians)'!$C$47,"") | P55: =IF('CS (Shag Dawgs)'!$F$47>0,'CS (Shag Dawgs)'!$C$47,"") | S55: =IF('DC (Cliff Lee Was Here)'!$F$47>0,'DC (Cliff Lee Was Here)'!$C$47,"") | V55: =IF('JM (JMoney)'!$F$47>0,'JM (JMoney)'!$C$47,"") | Y55: =IF('JJ (metropolitans)'!$F$47>0,'JJ (metropolitans)'!$C$47,"") | AB55: =IF('KJ (Stat Sandwich)'!$F$47>0,'KJ (Stat Sandwich)'!$C$47,"") | AE55: =IF('EP (Winning De)'!$F$47>0,'EP (Winning De)'!$C$47,"") | AH55: =IF('MB (Beckers Wreckers)'!$F$47>0,'MB (Beckers Wreckers)'!$C$47,"") | AK55: =IF('MH (sabermutrics)'!$F$47>0,'MH (sabermutrics)'!$C$47,"") | AN55: =IF('MT (Tradezilla)'!$F$47>0,'MT (Tradezilla)'!$C$47,"") | AQ55: =IF('SM (Dawsyn)'!$F$47>0,'SM (Dawsyn)'!$C$47,"")
D56: ='AC (Dumpster Fires)'!F47 | E56: ='AC (Dumpster Fires)'!I47 | G56: ='AW (Minor)'!F47 | H56: ='AW (Minor)'!I47 | J56: =IF('BL (Brockasauras)'!$F$47>0,'BL (Brockasauras)'!$F$47,"") | K56: =IF('BL (Brockasauras)'!$F$47>0,'BL (Brockasauras)'!$I$47,"") | M56: =IF('CN (Nygaardians)'!$F$47>0,'CN (Nygaardians)'!$F$47,"") | N56: =IF('CN (Nygaardians)'!$F$47>0,'CN (Nygaardians)'!$I$47,"") | P56: =IF('CS (Shag Dawgs)'!$F$47>0,'CS (Shag Dawgs)'!$F$47,"") | Q56: =IF('CS (Shag Dawgs)'!$F$47>0,'CS (Shag Dawgs)'!$I$47,"") | S56: =IF('DC (Cliff Lee Was Here)'!$F$47>0,'DC (Cliff Lee Was Here)'!$F$47,"") | T56: =IF('DC (Cliff Lee Was Here)'!$F$47>0,'DC (Cliff Lee Was Here)'!$I$47,"") | V56: =IF('JM (JMoney)'!$F$47>0,'JM (JMoney)'!$F$47,"") | W56: =IF('JM (JMoney)'!$F$47>0,'JM (JMoney)'!$I$47,"") | Y56: =IF('JJ (metropolitans)'!$F$47>0,'JJ (metropolitans)'!$F$47,"") | Z56: =IF('JJ (metropolitans)'!$F$47>0,'JJ (metropolitans)'!$I$47,"") | AB56: =IF('KJ (Stat Sandwich)'!$F$47>0,'KJ (Stat Sandwich)'!$F$47,"") | AC56: =IF('KJ (Stat Sandwich)'!$F$47>0,'KJ (Stat Sandwich)'!$I$47,"") | AE56: =IF('EP (Winning De)'!$F$47>0,'EP (Winning De)'!$F$47,"") | AF56: =IF('EP (Winning De)'!$F$47>0,'EP (Winning De)'!$I$47,"") | AH56: =IF('MB (Beckers Wreckers)'!$F$47>0,'MB (Beckers Wreckers)'!$F$47,"") | AI56: =IF('MB (Beckers Wreckers)'!$F$47>0,'MB (Beckers Wreckers)'!$I$47,"") | AK56: =IF('MH (sabermutrics)'!$F$47>0,'MH (sabermutrics)'!$F$47,"") | AL56: =IF('MH (sabermutrics)'!$F$47>0,'MH (sabermutrics)'!$I$47,"") | AN56: =IF('MT (Tradezilla)'!$F$47>0,'MT (Tradezilla)'!$F$47,"") | AO56: =IF('MT (Tradezilla)'!$F$47>0,'MT (Tradezilla)'!$I$47,"") | AQ56: =IF('SM (Dawsyn)'!$F$47>0,'SM (Dawsyn)'!$F$47,"") | AR56: =IF('SM (Dawsyn)'!$F$47>0,'SM (Dawsyn)'!$I$47,"")
D57: ='AC (Dumpster Fires)'!C48 | G57: ='AW (Minor)'!C48 | J57: =IF('BL (Brockasauras)'!$F$48>0,'BL (Brockasauras)'!$C$48,"") | M57: =IF('CN (Nygaardians)'!$F$48>0,'CN (Nygaardians)'!$C$48,"") | P57: =IF('CS (Shag Dawgs)'!$F$48>0,'CS (Shag Dawgs)'!$C$48,"") | S57: =IF('DC (Cliff Lee Was Here)'!$F$48>0,'DC (Cliff Lee Was Here)'!$C$48,"") | V57: =IF('JM (JMoney)'!$F$48>0,'JM (JMoney)'!$C$48,"") | Y57: =IF('JJ (metropolitans)'!$F$48>0,'JJ (metropolitans)'!$C$48,"") | AB57: =IF('KJ (Stat Sandwich)'!$F$48>0,'KJ (Stat Sandwich)'!$C$48,"") | AE57: =IF('EP (Winning De)'!$F$48>0,'EP (Winning De)'!$C$48,"") | AH57: =IF('MB (Beckers Wreckers)'!$F$48>0,'MB (Beckers Wreckers)'!$C$48,"") | AK57: =IF('MH (sabermutrics)'!$F$48>0,'MH (sabermutrics)'!$C$48,"") | AN57: =IF('MT (Tradezilla)'!$F$48>0,'MT (Tradezilla)'!$C$48,"") | AQ57: =IF('SM (Dawsyn)'!$F$48>0,'SM (Dawsyn)'!$C$48,"")
D58: ='AC (Dumpster Fires)'!F48 | E58: ='AC (Dumpster Fires)'!I48 | G58: ='AW (Minor)'!F48 | H58: ='AW (Minor)'!I48 | J58: =IF('BL (Brockasauras)'!$F$48>0,'BL (Brockasauras)'!$F$48,"") | K58: =IF('BL (Brockasauras)'!$F$48>0,'BL (Brockasauras)'!$I$48,"") | M58: =IF('CN (Nygaardians)'!$F$48>0,'CN (Nygaardians)'!$F$48,"") | N58: =IF('CN (Nygaardians)'!$F$48>0,'CN (Nygaardians)'!$I$48,"") | P58: =IF('CS (Shag Dawgs)'!$F$48>0,'CS (Shag Dawgs)'!$F$48,"") | Q58: =IF('CS (Shag Dawgs)'!$F$48>0,'CS (Shag Dawgs)'!$I$48,"") | S58: =IF('DC (Cliff Lee Was Here)'!$F$48>0,'DC (Cliff Lee Was Here)'!$F$48,"") | T58: =IF('DC (Cliff Lee Was Here)'!$F$48>0,'DC (Cliff Lee Was Here)'!$I$48,"") | V58: =IF('JM (JMoney)'!$F$48>0,'JM (JMoney)'!$F$48,"") | W58: =IF('JM (JMoney)'!$F$48>0,'JM (JMoney)'!$I$48,"") | Y58: =IF('JJ (metropolitans)'!$F$48>0,'JJ (metropolitans)'!$F$48,"") | Z58: =IF('JJ (metropolitans)'!$F$48>0,'JJ (metropolitans)'!$I$48,"") | AB58: =IF('KJ (Stat Sandwich)'!$F$48>0,'KJ (Stat Sandwich)'!$F$48,"") | AC58: =IF('KJ (Stat Sandwich)'!$F$48>0,'KJ (Stat Sandwich)'!$I$48,"") | AE58: =IF('EP (Winning De)'!$F$48>0,'EP (Winning De)'!$F$48,"") | AF58: =IF('EP (Winning De)'!$F$48>0,'EP (Winning De)'!$I$48,"") | AH58: =IF('MB (Beckers Wreckers)'!$F$48>0,'MB (Beckers Wreckers)'!$F$48,"") | AI58: =IF('MB (Beckers Wreckers)'!$F$48>0,'MB (Beckers Wreckers)'!$I$48,"") | AK58: =IF('MH (sabermutrics)'!$F$48>0,'MH (sabermutrics)'!$F$48,"") | AL58: =IF('MH (sabermutrics)'!$F$48>0,'MH (sabermutrics)'!$I$48,"") | AN58: =IF('MT (Tradezilla)'!$F$48>0,'MT (Tradezilla)'!$F$48,"") | AO58: =IF('MT (Tradezilla)'!$F$48>0,'MT (Tradezilla)'!$I$48,"") | AQ58: =IF('SM (Dawsyn)'!$F$48>0,'SM (Dawsyn)'!$F$48,"") | AR58: =IF('SM (Dawsyn)'!$F$48>0,'SM (Dawsyn)'!$I$48,"")
D59: ='AC (Dumpster Fires)'!C49 | G59: ='AW (Minor)'!C49 | J59: =IF('BL (Brockasauras)'!$F$49>0,'BL (Brockasauras)'!$C$49,"") | M59: =IF('CN (Nygaardians)'!$F$49>0,'CN (Nygaardians)'!$C$49,"") | P59: =IF('CS (Shag Dawgs)'!$F$49>0,'CS (Shag Dawgs)'!$C$49,"") | S59: =IF('DC (Cliff Lee Was Here)'!$F$49>0,'DC (Cliff Lee Was Here)'!$C$49,"") | V59: =IF('JM (JMoney)'!$F$49>0,'JM (JMoney)'!$C$49,"") | Y59: =IF('JJ (metropolitans)'!$F$49>0,'JJ (metropolitans)'!$C$49,"") | AB59: =IF('KJ (Stat Sandwich)'!$F$49>0,'KJ (Stat Sandwich)'!$C$49,"") | AE59: =IF('EP (Winning De)'!$F$49>0,'EP (Winning De)'!$C$49,"") | AH59: =IF('MB (Beckers Wreckers)'!$F$49>0,'MB (Beckers Wreckers)'!$C$49,"") | AK59: =IF('MH (sabermutrics)'!$F$49>0,'MH (sabermutrics)'!$C$49,"") | AN59: =IF('MT (Tradezilla)'!$F$49>0,'MT (Tradezilla)'!$C$49,"") | AQ59: =IF('SM (Dawsyn)'!$F$49>0,'SM (Dawsyn)'!$C$49,"")
D60: ='AC (Dumpster Fires)'!F49 | E60: ='AC (Dumpster Fires)'!I49 | G60: ='AW (Minor)'!F49 | H60: ='AW (Minor)'!I49 | J60: =IF('BL (Brockasauras)'!$F$49>0,'BL (Brockasauras)'!$F$49,"") | K60: =IF('BL (Brockasauras)'!$F$49>0,'BL (Brockasauras)'!$I$49,"") | M60: =IF('CN (Nygaardians)'!$F$49>0,'CN (Nygaardians)'!$F$49,"") | N60: =IF('CN (Nygaardians)'!$F$49>0,'CN (Nygaardians)'!$I$49,"") | P60: =IF('CS (Shag Dawgs)'!$F$49>0,'CS (Shag Dawgs)'!$F$49,"") | Q60: =IF('CS (Shag Dawgs)'!$F$49>0,'CS (Shag Dawgs)'!$I$49,"") | S60: =IF('DC (Cliff Lee Was Here)'!$F$49>0,'DC (Cliff Lee Was Here)'!$F$49,"") | T60: =IF('DC (Cliff Lee Was Here)'!$F$49>0,'DC (Cliff Lee Was Here)'!$I$49,"") | V60: =IF('JM (JMoney)'!$F$49>0,'JM (JMoney)'!$F$49,"") | W60: =IF('JM (JMoney)'!$F$49>0,'JM (JMoney)'!$I$49,"") | Y60: =IF('JJ (metropolitans)'!$F$49>0,'JJ (metropolitans)'!$F$49,"") | Z60: =IF('JJ (metropolitans)'!$F$49>0,'JJ (metropolitans)'!$I$49,"") | AB60: =IF('KJ (Stat Sandwich)'!$F$49>0,'KJ (Stat Sandwich)'!$F$49,"") | AC60: =IF('KJ (Stat Sandwich)'!$F$49>0,'KJ (Stat Sandwich)'!$I$49,"") | AE60: =IF('EP (Winning De)'!$F$49>0,'EP (Winning De)'!$F$49,"") | AF60: =IF('EP (Winning De)'!$F$49>0,'EP (Winning De)'!$I$49,"") | AH60: =IF('MB (Beckers Wreckers)'!$F$49>0,'MB (Beckers Wreckers)'!$F$49,"") | AI60: =IF('MB (Beckers Wreckers)'!$F$49>0,'MB (Beckers Wreckers)'!$I$49,"") | AK60: =IF('MH (sabermutrics)'!$F$49>0,'MH (sabermutrics)'!$F$49,"") | AL60: =IF('MH (sabermutrics)'!$F$49>0,'MH (sabermutrics)'!$I$49,"") | AN60: =IF('MT (Tradezilla)'!$F$49>0,'MT (Tradezilla)'!$F$49,"") | AO60: =IF('MT (Tradezilla)'!$F$49>0,'MT (Tradezilla)'!$I$49,"") | AQ60: =IF('SM (Dawsyn)'!$F$49>0,'SM (Dawsyn)'!$F$49,"") | AR60: =IF('SM (Dawsyn)'!$F$49>0,'SM (Dawsyn)'!$I$49,"")
D61: ='AC (Dumpster Fires)'!C50 | G61: ='AW (Minor)'!C50 | J61: =IF('BL (Brockasauras)'!$F$50>0,'BL (Brockasauras)'!$C$50,"") | M61: =IF('CN (Nygaardians)'!$F$50>0,'CN (Nygaardians)'!$C$50,"") | P61: =IF('CS (Shag Dawgs)'!$F$50>0,'CS (Shag Dawgs)'!$C$50,"") | S61: =IF('DC (Cliff Lee Was Here)'!$F$50>0,'DC (Cliff Lee Was Here)'!$C$50,"") | V61: =IF('JM (JMoney)'!$F$50>0,'JM (JMoney)'!$C$50,"") | Y61: =IF('JJ (metropolitans)'!$F$50>0,'JJ (metropolitans)'!$C$50,"") | AB61: =IF('KJ (Stat Sandwich)'!$F$50>0,'KJ (Stat Sandwich)'!$C$50,"") | AE61: =IF('EP (Winning De)'!$F$50>0,'EP (Winning De)'!$C$50,"") | AH61: =IF('MB (Beckers Wreckers)'!$F$50>0,'MB (Beckers Wreckers)'!$C$50,"") | AK61: =IF('MH (sabermutrics)'!$F$50>0,'MH (sabermutrics)'!$C$50,"") | AN61: =IF('MT (Tradezilla)'!$F$50>0,'MT (Tradezilla)'!$C$50,"") | AQ61: =IF('SM (Dawsyn)'!$F$50>0,'SM (Dawsyn)'!$C$50,"")
D62: ='AC (Dumpster Fires)'!F50 | E62: ='AC (Dumpster Fires)'!I50 | G62: ='AW (Minor)'!F50 | H62: ='AW (Minor)'!I50 | J62: =IF('BL (Brockasauras)'!$F$50>0,'BL (Brockasauras)'!$F$50,"") | K62: =IF('BL (Brockasauras)'!$F$50>0,'BL (Brockasauras)'!$I$50,"") | M62: =IF('CN (Nygaardians)'!$F$50>0,'CN (Nygaardians)'!$F$50,"") | N62: =IF('CN (Nygaardians)'!$F$50>0,'CN (Nygaardians)'!$I$50,"") | P62: =IF('CS (Shag Dawgs)'!$F$50>0,'CS (Shag Dawgs)'!$F$50,"") | Q62: =IF('CS (Shag Dawgs)'!$F$50>0,'CS (Shag Dawgs)'!$I$50,"") | S62: =IF('DC (Cliff Lee Was Here)'!$F$50>0,'DC (Cliff Lee Was Here)'!$F$50,"") | T62: =IF('DC (Cliff Lee Was Here)'!$F$50>0,'DC (Cliff Lee Was Here)'!$I$50,"") | V62: =IF('JM (JMoney)'!$F$50>0,'JM (JMoney)'!$F$50,"") | W62: =IF('JM (JMoney)'!$F$50>0,'JM (JMoney)'!$I$50,"") | Y62: =IF('JJ (metropolitans)'!$F$50>0,'JJ (metropolitans)'!$F$50,"") | Z62: =IF('JJ (metropolitans)'!$F$50>0,'JJ (metropolitans)'!$I$50,"") | AB62: =IF('KJ (Stat Sandwich)'!$F$50>0,'KJ (Stat Sandwich)'!$F$50,"") | AC62: =IF('KJ (Stat Sandwich)'!$F$50>0,'KJ (Stat Sandwich)'!$I$50,"") | AE62: =IF('EP (Winning De)'!$F$50>0,'EP (Winning De)'!$F$50,"") | AF62: =IF('EP (Winning De)'!$F$50>0,'EP (Winning De)'!$I$50,"") | AH62: =IF('MB (Beckers Wreckers)'!$F$50>0,'MB (Beckers Wreckers)'!$F$50,"") | AI62: =IF('MB (Beckers Wreckers)'!$F$50>0,'MB (Beckers Wreckers)'!$I$50,"") | AK62: =IF('MH (sabermutrics)'!$F$50>0,'MH (sabermutrics)'!$F$50,"") | AL62: =IF('MH (sabermutrics)'!$F$50>0,'MH (sabermutrics)'!$I$50,"") | AN62: =IF('MT (Tradezilla)'!$F$50>0,'MT (Tradezilla)'!$F$50,"") | AO62: =IF('MT (Tradezilla)'!$F$50>0,'MT (Tradezilla)'!$I$50,"") | AQ62: =IF('SM (Dawsyn)'!$F$50>0,'SM (Dawsyn)'!$F$50,"") | AR62: =IF('SM (Dawsyn)'!$F$50>0,'SM (Dawsyn)'!$I$50,"")
D63: ='AC (Dumpster Fires)'!C51 | G63: ='AW (Minor)'!C51 | J63: =IF('BL (Brockasauras)'!$F$51>0,'BL (Brockasauras)'!$C$51,"") | M63: =IF('CN (Nygaardians)'!$F$51>0,'CN (Nygaardians)'!$C$51,"") | P63: =IF('CS (Shag Dawgs)'!$F$51>0,'CS (Shag Dawgs)'!$C$51,"") | S63: =IF('DC (Cliff Lee Was Here)'!$F$51>0,'DC (Cliff Lee Was Here)'!$C$51,"") | V63: =IF('JM (JMoney)'!$F$51>0,'JM (JMoney)'!$C$51,"") | Y63: =IF('JJ (metropolitans)'!$F$51>0,'JJ (metropolitans)'!$C$51,"") | AB63: =IF('KJ (Stat Sandwich)'!$F$51>0,'KJ (Stat Sandwich)'!$C$51,"") | AE63: =IF('EP (Winning De)'!$F$51>0,'EP (Winning De)'!$C$51,"") | AH63: =IF('MB (Beckers Wreckers)'!$F$51>0,'MB (Beckers Wreckers)'!$C$51,"") | AK63: =IF('MH (sabermutrics)'!$F$51>0,'MH (sabermutrics)'!$C$51,"") | AN63: =IF('MT (Tradezilla)'!$F$51>0,'MT (Tradezilla)'!$C$51,"") | AQ63: =IF('SM (Dawsyn)'!$F$51>0,'SM (Dawsyn)'!$C$51,"")
D64: ='AC (Dumpster Fires)'!F51 | E64: ='AC (Dumpster Fires)'!J51 | G64: ='AW (Minor)'!F51 | H64: ='AW (Minor)'!I51 | J64: =IF('BL (Brockasauras)'!$F$51>0,'BL (Brockasauras)'!$F$51,"") | K64: =IF('BL (Brockasauras)'!$F$51>0,'BL (Brockasauras)'!$I$51,"") | M64: =IF('CN (Nygaardians)'!$F$51>0,'CN (Nygaardians)'!$F$51,"") | N64: =IF('CN (Nygaardians)'!$F$51>0,'CN (Nygaardians)'!$I$51,"") | P64: =IF('CS (Shag Dawgs)'!$F$51>0,'CS (Shag Dawgs)'!$F$51,"") | Q64: =IF('CS (Shag Dawgs)'!$F$51>0,'CS (Shag Dawgs)'!$I$51,"") | S64: =IF('DC (Cliff Lee Was Here)'!$F$51>0,'DC (Cliff Lee Was Here)'!$F$51,"") | T64: =IF('DC (Cliff Lee Was Here)'!$F$51>0,'DC (Cliff Lee Was Here)'!$I$51,"") | V64: =IF('JM (JMoney)'!$F$51>0,'JM (JMoney)'!$F$51,"") | W64: =IF('JM (JMoney)'!$F$51>0,'JM (JMoney)'!$I$51,"") | Y64: =IF('JJ (metropolitans)'!$F$51>0,'JJ (metropolitans)'!$F$51,"") | Z64: =IF('JJ (metropolitans)'!$F$51>0,'JJ (metropolitans)'!$I$51,"") | AB64: =IF('KJ (Stat Sandwich)'!$F$51>0,'KJ (Stat Sandwich)'!$F$51,"") | AC64: =IF('KJ (Stat Sandwich)'!$F$51>0,'KJ (Stat Sandwich)'!$I$51,"") | AE64: =IF('EP (Winning De)'!$F$51>0,'EP (Winning De)'!$F$51,"") | AF64: =IF('EP (Winning De)'!$F$51>0,'EP (Winning De)'!$I$51,"") | AH64: =IF('MB (Beckers Wreckers)'!$F$51>0,'MB (Beckers Wreckers)'!$F$51,"") | AI64: =IF('MB (Beckers Wreckers)'!$F$51>0,'MB (Beckers Wreckers)'!$I$51,"") | AK64: =IF('MH (sabermutrics)'!$F$51>0,'MH (sabermutrics)'!$F$51,"") | AL64: =IF('MH (sabermutrics)'!$F$51>0,'MH (sabermutrics)'!$I$51,"") | AN64: =IF('MT (Tradezilla)'!$F$51>0,'MT (Tradezilla)'!$F$51,"") | AO64: =IF('MT (Tradezilla)'!$F$51>0,'MT (Tradezilla)'!$I$51,"") | AQ64: =IF('SM (Dawsyn)'!$F$51>0,'SM (Dawsyn)'!$F$51,"") | AR64: =IF('SM (Dawsyn)'!$F$51>0,'SM (Dawsyn)'!$I$51,"")
D65: ='AC (Dumpster Fires)'!C52 | G65: ='AW (Minor)'!C54 | J65: =IF('BL (Brockasauras)'!$F$52>0,'BL (Brockasauras)'!$C$52,"") | M65: =IF('CN (Nygaardians)'!$F$52>0,'CN (Nygaardians)'!$C$52,"") | P65: =IF('CS (Shag Dawgs)'!$F$52>0,'CS (Shag Dawgs)'!$C$52,"") | S65: =IF('DC (Cliff Lee Was Here)'!$F$52>0,'DC (Cliff Lee Was Here)'!$C$52,"") | V65: =IF('JM (JMoney)'!$F$52>0,'JM (JMoney)'!$C$52,"") | Y65: =IF('JJ (metropolitans)'!$F$52>0,'JJ (metropolitans)'!$C$52,"") | AB65: =IF('KJ (Stat Sandwich)'!$F$52>0,'KJ (Stat Sandwich)'!$C$52,"") | AE65: =IF('EP (Winning De)'!$F$52>0,'EP (Winning De)'!$C$52,"") | AH65: =IF('MB (Beckers Wreckers)'!$F$52>0,'MB (Beckers Wreckers)'!$C$52,"") | AK65: =IF('MH (sabermutrics)'!$F$52>0,'MH (sabermutrics)'!$C$52,"") | AN65: =IF('MT (Tradezilla)'!$F$52>0,'MT (Tradezilla)'!$C$52,"") | AQ65: =IF('SM (Dawsyn)'!$F$52>0,'SM (Dawsyn)'!$C$52,"")
D66: ='AC (Dumpster Fires)'!F52 | E66: ='AC (Dumpster Fires)'!J52 | G66: ='AW (Minor)'!F54 | H66: ='AW (Minor)'!I54 | J66: =IF('BL (Brockasauras)'!$F$52>0,'BL (Brockasauras)'!$F$52,"") | K66: =IF('BL (Brockasauras)'!$F$52>0,'BL (Brockasauras)'!$I$52,"") | M66: =IF('CN (Nygaardians)'!$F$52>0,'CN (Nygaardians)'!$F$52,"") | N66: =IF('CN (Nygaardians)'!$F$52>0,'CN (Nygaardians)'!$I$52,"") | P66: =IF('CS (Shag Dawgs)'!$F$52>0,'CS (Shag Dawgs)'!$F$52,"") | Q66: =IF('CS (Shag Dawgs)'!$F$52>0,'CS (Shag Dawgs)'!$I$52,"") | S66: =IF('DC (Cliff Lee Was Here)'!$F$52>0,'DC (Cliff Lee Was Here)'!$F$52,"") | T66: =IF('DC (Cliff Lee Was Here)'!$F$52>0,'DC (Cliff Lee Was Here)'!$I$52,"") | V66: =IF('JM (JMoney)'!$F$52>0,'JM (JMoney)'!$F$52,"") | W66: =IF('JM (JMoney)'!$F$52>0,'JM (JMoney)'!$I$52,"") | Y66: =IF('JJ (metropolitans)'!$F$52>0,'JJ (metropolitans)'!$F$52,"") | Z66: =IF('JJ (metropolitans)'!$F$52>0,'JJ (metropolitans)'!$I$52,"") | AB66: =IF('KJ (Stat Sandwich)'!$F$52>0,'KJ (Stat Sandwich)'!$F$52,"") | AC66: =IF('KJ (Stat Sandwich)'!$F$52>0,'KJ (Stat Sandwich)'!$I$52,"") | AE66: =IF('EP (Winning De)'!$F$52>0,'EP (Winning De)'!$F$52,"") | AF66: =IF('EP (Winning De)'!$F$52>0,'EP (Winning De)'!$I$52,"") | AH66: =IF('MB (Beckers Wreckers)'!$F$52>0,'MB (Beckers Wreckers)'!$F$52,"") | AI66: =IF('MB (Beckers Wreckers)'!$F$52>0,'MB (Beckers Wreckers)'!$I$52,"") | AK66: =IF('MH (sabermutrics)'!$F$52>0,'MH (sabermutrics)'!$F$52,"") | AL66: =IF('MH (sabermutrics)'!$F$52>0,'MH (sabermutrics)'!$I$52,"") | AN66: =IF('MT (Tradezilla)'!$F$52>0,'MT (Tradezilla)'!$F$52,"") | AO66: =IF('MT (Tradezilla)'!$F$52>0,'MT (Tradezilla)'!$I$52,"") | AQ66: =IF('SM (Dawsyn)'!$F$52>0,'SM (Dawsyn)'!$F$52,"") | AR66: =IF('SM (Dawsyn)'!$F$52>0,'SM (Dawsyn)'!$I$52,"")
D67: ='AC (Dumpster Fires)'!C53 | G67: ='AW (Minor)'!C55 | J67: =IF('BL (Brockasauras)'!$F$53>0,'BL (Brockasauras)'!$C$53,"") | M67: =IF('CN (Nygaardians)'!$F$53>0,'CN (Nygaardians)'!$C$53,"") | P67: =IF('CS (Shag Dawgs)'!$F$53>0,'CS (Shag Dawgs)'!$C$53,"") | S67: =IF('DC (Cliff Lee Was Here)'!$F$53>0,'DC (Cliff Lee Was Here)'!$C$53,"") | V67: =IF('JM (JMoney)'!$F$53>0,'JM (JMoney)'!$C$53,"") | Y67: =IF('JJ (metropolitans)'!$F$53>0,'JJ (metropolitans)'!$C$53,"") | AB67: =IF('KJ (Stat Sandwich)'!$F$53>0,'KJ (Stat Sandwich)'!$C$53,"") | AE67: =IF('EP (Winning De)'!$F$53>0,'EP (Winning De)'!$C$53,"") | AH67: =IF('MB (Beckers Wreckers)'!$F$53>0,'MB (Beckers Wreckers)'!$C$53,"") | AK67: =IF('MH (sabermutrics)'!$F$53>0,'MH (sabermutrics)'!$C$53,"") | AN67: =IF('MT (Tradezilla)'!$F$53>0,'MT (Tradezilla)'!$C$53,"") | AQ67: =IF('SM (Dawsyn)'!$F$53>0,'SM (Dawsyn)'!$C$53,"")
D68: ='AC (Dumpster Fires)'!F53 | E68: ='AC (Dumpster Fires)'!J53 | G68: ='AW (Minor)'!F55 | H68: ='AW (Minor)'!I55 | J68: =IF('BL (Brockasauras)'!$F$53>0,'BL (Brockasauras)'!$F$53,"") | K68: =IF('BL (Brockasauras)'!$F$53>0,'BL (Brockasauras)'!$I$53,"") | M68: =IF('CN (Nygaardians)'!$F$53>0,'CN (Nygaardians)'!$F$53,"") | N68: =IF('CN (Nygaardians)'!$F$53>0,'CN (Nygaardians)'!$I$53,"") | P68: =IF('CS (Shag Dawgs)'!$F$53>0,'CS (Shag Dawgs)'!$F$53,"") | Q68: =IF('CS (Shag Dawgs)'!$F$53>0,'CS (Shag Dawgs)'!$I$53,"") | S68: =IF('DC (Cliff Lee Was Here)'!$F$53>0,'DC (Cliff Lee Was Here)'!$F$53,"") | T68: =IF('DC (Cliff Lee Was Here)'!$F$53>0,'DC (Cliff Lee Was Here)'!$I$53,"") | V68: =IF('JM (JMoney)'!$F$53>0,'JM (JMoney)'!$F$53,"") | W68: =IF('JM (JMoney)'!$F$53>0,'JM (JMoney)'!$I$53,"") | Y68: =IF('JJ (metropolitans)'!$F$53>0,'JJ (metropolitans)'!$F$53,"") | Z68: =IF('JJ (metropolitans)'!$F$53>0,'JJ (metropolitans)'!$I$53,"") | AB68: =IF('KJ (Stat Sandwich)'!$F$53>0,'KJ (Stat Sandwich)'!$F$53,"") | AC68: =IF('KJ (Stat Sandwich)'!$F$53>0,'KJ (Stat Sandwich)'!$I$53,"") | AE68: =IF('EP (Winning De)'!$F$53>0,'EP (Winning De)'!$F$53,"") | AF68: =IF('EP (Winning De)'!$F$53>0,'EP (Winning De)'!$I$53,"") | AH68: =IF('MB (Beckers Wreckers)'!$F$53>0,'MB (Beckers Wreckers)'!$F$53,"") | AI68: =IF('MB (Beckers Wreckers)'!$F$53>0,'MB (Beckers Wreckers)'!$I$53,"") | AK68: =IF('MH (sabermutrics)'!$F$53>0,'MH (sabermutrics)'!$F$53,"") | AL68: =IF('MH (sabermutrics)'!$F$53>0,'MH (sabermutrics)'!$I$53,"") | AN68: =IF('MT (Tradezilla)'!$F$53>0,'MT (Tradezilla)'!$F$53,"") | AO68: =IF('MT (Tradezilla)'!$F$53>0,'MT (Tradezilla)'!$I$53,"") | AQ68: =IF('SM (Dawsyn)'!$F$53>0,'SM (Dawsyn)'!$F$53,"") | AR68: =IF('SM (Dawsyn)'!$F$53>0,'SM (Dawsyn)'!$I$53,"")
G69: =IF('AW (Minor)'!$F$54>0,'AW (Minor)'!$C$54,"") | J69: =IF('BL (Brockasauras)'!$F$54>0,'BL (Brockasauras)'!$C$54,"") | M69: =IF('CN (Nygaardians)'!$F$54>0,'CN (Nygaardians)'!$C$54,"") | P69: =IF('CS (Shag Dawgs)'!$F$54>0,'CS (Shag Dawgs)'!$C$54,"") | S69: =IF('DC (Cliff Lee Was Here)'!$F$54>0,'DC (Cliff Lee Was Here)'!$C$54,"") | V69: =IF('JM (JMoney)'!$F$54>0,'JM (JMoney)'!$C$54,"") | Y69: =IF('JJ (metropolitans)'!$F$54>0,'JJ (metropolitans)'!$C$54,"") | AB69: =IF('KJ (Stat Sandwich)'!$F$54>0,'KJ (Stat Sandwich)'!$C$54,"") | AE69: =IF('EP (Winning De)'!$F$54>0,'EP (Winning De)'!$C$54,"") | AH69: =IF('MB (Beckers Wreckers)'!$F$54>0,'MB (Beckers Wreckers)'!$C$54,"") | AK69: =IF('MH (sabermutrics)'!$F$54>0,'MH (sabermutrics)'!$C$54,"") | AN69: =IF('MT (Tradezilla)'!$F$54>0,'MT (Tradezilla)'!$C$54,"") | AQ69: =IF('SM (Dawsyn)'!$F$54>0,'SM (Dawsyn)'!$C$54,"")
G70: =IF('AW (Minor)'!$F$54>0,'AW (Minor)'!$F$54,"") | H70: =IF('AW (Minor)'!$F$54>0,'AW (Minor)'!$I$54,"") | J70: =IF('BL (Brockasauras)'!$F$54>0,'BL (Brockasauras)'!$F$54,"") | K70: =IF('BL (Brockasauras)'!$F$54>0,'BL (Brockasauras)'!$I$54,"") | M70: =IF('CN (Nygaardians)'!$F$54>0,'CN (Nygaardians)'!$F$54,"") | N70: =IF('CN (Nygaardians)'!$F$54>0,'CN (Nygaardians)'!$I$54,"") | P70: =IF('CS (Shag Dawgs)'!$F$54>0,'CS (Shag Dawgs)'!$F$54,"") | Q70: =IF('CS (Shag Dawgs)'!$F$54>0,'CS (Shag Dawgs)'!$I$54,"") | S70: =IF('DC (Cliff Lee Was Here)'!$F$54>0,'DC (Cliff Lee Was Here)'!$F$54,"") | T70: =IF('DC (Cliff Lee Was Here)'!$F$54>0,'DC (Cliff Lee Was Here)'!$I$54,"") | V70: =IF('JM (JMoney)'!$F$54>0,'JM (JMoney)'!$F$54,"") | W70: =IF('JM (JMoney)'!$F$54>0,'JM (JMoney)'!$I$54,"") | Y70: =IF('JJ (metropolitans)'!$F$54>0,'JJ (metropolitans)'!$F$54,"") | Z70: =IF('JJ (metropolitans)'!$F$54>0,'JJ (metropolitans)'!$I$54,"") | AB70: =IF('KJ (Stat Sandwich)'!$F$54>0,'KJ (Stat Sandwich)'!$F$54,"") | AC70: =IF('KJ (Stat Sandwich)'!$F$54>0,'KJ (Stat Sandwich)'!$I$54,"") | AE70: =IF('EP (Winning De)'!$F$54>0,'EP (Winning De)'!$F$54,"") | AF70: =IF('EP (Winning De)'!$F$54>0,'EP (Winning De)'!$I$54,"") | AH70: =IF('MB (Beckers Wreckers)'!$F$54>0,'MB (Beckers Wreckers)'!$F$54,"") | AI70: =IF('MB (Beckers Wreckers)'!$F$54>0,'MB (Beckers Wreckers)'!$I$54,"") | AK70: =IF('MH (sabermutrics)'!$F$54>0,'MH (sabermutrics)'!$F$54,"") | AL70: =IF('MH (sabermutrics)'!$F$54>0,'MH (sabermutrics)'!$I$54,"") | AN70: =IF('MT (Tradezilla)'!$F$54>0,'MT (Tradezilla)'!$F$54,"") | AO70: =IF('MT (Tradezilla)'!$F$54>0,'MT (Tradezilla)'!$I$54,"") | AQ70: =IF('SM (Dawsyn)'!$F$54>0,'SM (Dawsyn)'!$F$54,"") | AR70: =IF('SM (Dawsyn)'!$F$54>0,'SM (Dawsyn)'!$I$54,"")
G71: =IF('AW (Minor)'!$F$55>0,'AW (Minor)'!$C$55,"") | J71: =IF('BL (Brockasauras)'!$F$55>0,'BL (Brockasauras)'!$C$55,"") | M71: =IF('CN (Nygaardians)'!$F$55>0,'CN (Nygaardians)'!$C$55,"") | P71: =IF('CS (Shag Dawgs)'!$F$55>0,'CS (Shag Dawgs)'!$C$55,"") | S71: =IF('DC (Cliff Lee Was Here)'!$F$55>0,'DC (Cliff Lee Was Here)'!$C$55,"") | V71: =IF('JM (JMoney)'!$F$55>0,'JM (JMoney)'!$C$55,"") | Y71: =IF('JJ (metropolitans)'!$F$55>0,'JJ (metropolitans)'!$C$55,"") | AB71: =IF('KJ (Stat Sandwich)'!$F$55>0,'KJ (Stat Sandwich)'!$C$55,"") | AE71: =IF('EP (Winning De)'!$F$55>0,'EP (Winning De)'!$C$55,"") | AH71: =IF('MB (Beckers Wreckers)'!$F$55>0,'MB (Beckers Wreckers)'!$C$55,"") | AK71: =IF('MH (sabermutrics)'!$F$55>0,'MH (sabermutrics)'!$C$55,"") | AN71: =IF('MT (Tradezilla)'!$F$55>0,'MT (Tradezilla)'!$C$55,"") | AQ71: =IF('SM (Dawsyn)'!$F$55>0,'SM (Dawsyn)'!$C$55,"")
G72: =IF('AW (Minor)'!$F$55>0,'AW (Minor)'!$F$55,"") | H72: =IF('AW (Minor)'!$F$55>0,'AW (Minor)'!$I$55,"") | J72: =IF('BL (Brockasauras)'!$F$55>0,'BL (Brockasauras)'!$F$55,"") | K72: =IF('BL (Brockasauras)'!$F$55>0,'BL (Brockasauras)'!$I$55,"") | M72: =IF('CN (Nygaardians)'!$F$55>0,'CN (Nygaardians)'!$F$55,"") | N72: =IF('CN (Nygaardians)'!$F$55>0,'CN (Nygaardians)'!$I$55,"") | P72: =IF('CS (Shag Dawgs)'!$F$55>0,'CS (Shag Dawgs)'!$F$55,"") | Q72: =IF('CS (Shag Dawgs)'!$F$55>0,'CS (Shag Dawgs)'!$I$55,"") | S72: =IF('DC (Cliff Lee Was Here)'!$F$55>0,'DC (Cliff Lee Was Here)'!$F$55,"") | T72: =IF('DC (Cliff Lee Was Here)'!$F$55>0,'DC (Cliff Lee Was Here)'!$I$55,"") | V72: =IF('JM (JMoney)'!$F$55>0,'JM (JMoney)'!$F$55,"") | W72: =IF('JM (JMoney)'!$F$55>0,'JM (JMoney)'!$I$55,"") | Y72: =IF('JJ (metropolitans)'!$F$55>0,'JJ (metropolitans)'!$F$55,"") | Z72: =IF('JJ (metropolitans)'!$F$55>0,'JJ (metropolitans)'!$I$55,"") | AB72: =IF('KJ (Stat Sandwich)'!$F$55>0,'KJ (Stat Sandwich)'!$F$55,"") | AC72: =IF('KJ (Stat Sandwich)'!$F$55>0,'KJ (Stat Sandwich)'!$I$55,"") | AE72: =IF('EP (Winning De)'!$F$55>0,'EP (Winning De)'!$F$55,"") | AF72: =IF('EP (Winning De)'!$F$55>0,'EP (Winning De)'!$I$55,"") | AH72: =IF('MB (Beckers Wreckers)'!$F$55>0,'MB (Beckers Wreckers)'!$F$55,"") | AI72: =IF('MB (Beckers Wreckers)'!$F$55>0,'MB (Beckers Wreckers)'!$I$55,"") | AK72: =IF('MH (sabermutrics)'!$F$55>0,'MH (sabermutrics)'!$F$55,"") | AL72: =IF('MH (sabermutrics)'!$F$55>0,'MH (sabermutrics)'!$I$55,"") | AN72: =IF('MT (Tradezilla)'!$F$55>0,'MT (Tradezilla)'!$F$55,"") | AO72: =IF('MT (Tradezilla)'!$F$55>0,'MT (Tradezilla)'!$I$55,"") | AQ72: =IF('SM (Dawsyn)'!$F$55>0,'SM (Dawsyn)'!$F$55,"") | AR72: =IF('SM (Dawsyn)'!$F$55>0,'SM (Dawsyn)'!$I$55,"")
G73: =IF('AW (Minor)'!$F$56>0,'AW (Minor)'!$C$56,"") | J73: =IF('BL (Brockasauras)'!$F$56>0,'BL (Brockasauras)'!$C$56,"") | M73: =IF('CN (Nygaardians)'!$F$56>0,'CN (Nygaardians)'!$C$56,"") | P73: =IF('CS (Shag Dawgs)'!$F$56>0,'CS (Shag Dawgs)'!$C$56,"") | S73: =IF('DC (Cliff Lee Was Here)'!$F$56>0,'DC (Cliff Lee Was Here)'!$C$56,"") | V73: =IF('JM (JMoney)'!$F$56>0,'JM (JMoney)'!$C$56,"") | Y73: =IF('JJ (metropolitans)'!$F$56>0,'JJ (metropolitans)'!$C$56,"") | AB73: =IF('KJ (Stat Sandwich)'!$F$56>0,'KJ (Stat Sandwich)'!$C$56,"") | AE73: =IF('EP (Winning De)'!$F$56>0,'EP (Winning De)'!$C$56,"") | AH73: =IF('MB (Beckers Wreckers)'!$F$56>0,'MB (Beckers Wreckers)'!$C$56,"") | AK73: =IF('MH (sabermutrics)'!$F$56>0,'MH (sabermutrics)'!$C$56,"") | AN73: =IF('MT (Tradezilla)'!$F$56>0,'MT (Tradezilla)'!$C$56,"") | AQ73: =IF('SM (Dawsyn)'!$F$56>0,'SM (Dawsyn)'!$C$56,"")
G74: =IF('AW (Minor)'!$F$56>0,'AW (Minor)'!$F$56,"") | H74: =IF('AW (Minor)'!$F$56>0,'AW (Minor)'!$I$56,"") | J74: =IF('BL (Brockasauras)'!$F$56>0,'BL (Brockasauras)'!$F$56,"") | K74: =IF('BL (Brockasauras)'!$F$56>0,'BL (Brockasauras)'!$I$56,"") | M74: =IF('CN (Nygaardians)'!$F$56>0,'CN (Nygaardians)'!$F$56,"") | N74: =IF('CN (Nygaardians)'!$F$56>0,'CN (Nygaardians)'!$I$56,"") | P74: =IF('CS (Shag Dawgs)'!$F$56>0,'CS (Shag Dawgs)'!$F$56,"") | Q74: =IF('CS (Shag Dawgs)'!$F$56>0,'CS (Shag Dawgs)'!$I$56,"") | S74: =IF('DC (Cliff Lee Was Here)'!$F$56>0,'DC (Cliff Lee Was Here)'!$F$56,"") | T74: =IF('DC (Cliff Lee Was Here)'!$F$56>0,'DC (Cliff Lee Was Here)'!$I$56,"") | V74: =IF('JM (JMoney)'!$F$56>0,'JM (JMoney)'!$F$56,"") | W74: =IF('JM (JMoney)'!$F$56>0,'JM (JMoney)'!$I$56,"") | Y74: =IF('JJ (metropolitans)'!$F$56>0,'JJ (metropolitans)'!$F$56,"") | Z74: =IF('JJ (metropolitans)'!$F$56>0,'JJ (metropolitans)'!$I$56,"") | AB74: =IF('KJ (Stat Sandwich)'!$F$56>0,'KJ (Stat Sandwich)'!$F$56,"") | AC74: =IF('KJ (Stat Sandwich)'!$F$56>0,'KJ (Stat Sandwich)'!$I$56,"") | AE74: =IF('EP (Winning De)'!$F$56>0,'EP (Winning De)'!$F$56,"") | AF74: =IF('EP (Winning De)'!$F$56>0,'EP (Winning De)'!$I$56,"") | AH74: =IF('MB (Beckers Wreckers)'!$F$56>0,'MB (Beckers Wreckers)'!$F$56,"") | AI74: =IF('MB (Beckers Wreckers)'!$F$56>0,'MB (Beckers Wreckers)'!$I$56,"") | AK74: =IF('MH (sabermutrics)'!$F$56>0,'MH (sabermutrics)'!$F$56,"") | AL74: =IF('MH (sabermutrics)'!$F$56>0,'MH (sabermutrics)'!$I$56,"") | AN74: =IF('MT (Tradezilla)'!$F$56>0,'MT (Tradezilla)'!$F$56,"") | AO74: =IF('MT (Tradezilla)'!$F$56>0,'MT (Tradezilla)'!$I$56,"") | AQ74: =IF('SM (Dawsyn)'!$F$56>0,'SM (Dawsyn)'!$F$56,"") | AR74: =IF('SM (Dawsyn)'!$F$56>0,'SM (Dawsyn)'!$I$56,"")
G75: =IF('AW (Minor)'!$F$57>0,'AW (Minor)'!$C$57,"") | J75: =IF('BL (Brockasauras)'!$F$57>0,'BL (Brockasauras)'!$C$57,"") | M75: =IF('CN (Nygaardians)'!$F$57>0,'CN (Nygaardians)'!$C$57,"") | P75: =IF('CS (Shag Dawgs)'!$F$57>0,'CS (Shag Dawgs)'!$C$57,"") | S75: =IF('DC (Cliff Lee Was Here)'!$F$57>0,'DC (Cliff Lee Was Here)'!$C$57,"") | V75: =IF('JM (JMoney)'!$F$57>0,'JM (JMoney)'!$C$57,"") | Y75: =IF('JJ (metropolitans)'!$F$57>0,'JJ (metropolitans)'!$C$57,"") | AB75: =IF('KJ (Stat Sandwich)'!$F$57>0,'KJ (Stat Sandwich)'!$C$57,"") | AE75: =IF('EP (Winning De)'!$F$57>0,'EP (Winning De)'!$C$57,"") | AH75: =IF('MB (Beckers Wreckers)'!$F$57>0,'MB (Beckers Wreckers)'!$C$57,"") | AK75: =IF('MH (sabermutrics)'!$F$57>0,'MH (sabermutrics)'!$C$57,"") | AN75: =IF('MT (Tradezilla)'!$F$57>0,'MT (Tradezilla)'!$C$57,"") | AQ75: =IF('SM (Dawsyn)'!$F$57>0,'SM (Dawsyn)'!$C$57,"")
G76: =IF('AW (Minor)'!$F$57>0,'AW (Minor)'!$F$57,"") | H76: =IF('AW (Minor)'!$F$57>0,'AW (Minor)'!$I$57,"") | J76: =IF('BL (Brockasauras)'!$F$57>0,'BL (Brockasauras)'!$F$57,"") | K76: =IF('BL (Brockasauras)'!$F$57>0,'BL (Brockasauras)'!$I$57,"") | M76: =IF('CN (Nygaardians)'!$F$57>0,'CN (Nygaardians)'!$F$57,"") | N76: =IF('CN (Nygaardians)'!$F$57>0,'CN (Nygaardians)'!$I$57,"") | P76: =IF('CS (Shag Dawgs)'!$F$57>0,'CS (Shag Dawgs)'!$F$57,"") | Q76: =IF('CS (Shag Dawgs)'!$F$57>0,'CS (Shag Dawgs)'!$I$57,"") | S76: =IF('DC (Cliff Lee Was Here)'!$F$57>0,'DC (Cliff Lee Was Here)'!$F$57,"") | T76: =IF('DC (Cliff Lee Was Here)'!$F$57>0,'DC (Cliff Lee Was Here)'!$I$57,"") | V76: =IF('JM (JMoney)'!$F$57>0,'JM (JMoney)'!$F$57,"") | W76: =IF('JM (JMoney)'!$F$57>0,'JM (JMoney)'!$I$57,"") | Y76: =IF('JJ (metropolitans)'!$F$57>0,'JJ (metropolitans)'!$F$57,"") | Z76: =IF('JJ (metropolitans)'!$F$57>0,'JJ (metropolitans)'!$I$57,"") | AB76: =IF('KJ (Stat Sandwich)'!$F$57>0,'KJ (Stat Sandwich)'!$F$57,"") | AC76: =IF('KJ (Stat Sandwich)'!$F$57>0,'KJ (Stat Sandwich)'!$I$57,"") | AE76: =IF('EP (Winning De)'!$F$57>0,'EP (Winning De)'!$F$57,"") | AF76: =IF('EP (Winning De)'!$F$57>0,'EP (Winning De)'!$I$57,"") | AH76: =IF('MB (Beckers Wreckers)'!$F$57>0,'MB (Beckers Wreckers)'!$F$57,"") | AI76: =IF('MB (Beckers Wreckers)'!$F$57>0,'MB (Beckers Wreckers)'!$I$57,"") | AK76: =IF('MH (sabermutrics)'!$F$57>0,'MH (sabermutrics)'!$F$57,"") | AL76: =IF('MH (sabermutrics)'!$F$57>0,'MH (sabermutrics)'!$I$57,"") | AN76: =IF('MT (Tradezilla)'!$F$57>0,'MT (Tradezilla)'!$F$57,"") | AO76: =IF('MT (Tradezilla)'!$F$57>0,'MT (Tradezilla)'!$I$57,"") | AQ76: =IF('SM (Dawsyn)'!$F$57>0,'SM (Dawsyn)'!$F$57,"") | AR76: =IF('SM (Dawsyn)'!$F$57>0,'SM (Dawsyn)'!$I$57,"")
A78: Buy-outs | D78: ='AC (Dumpster Fires)'!$C$63 | G78: ='AW (Minor)'!$C$59 | J78: ='BL (Brockasauras)'!$C$59 | M78: ='CN (Nygaardians)'!$C$59 | P78: ='CS (Shag Dawgs)'!$C$59 | S78: ='DC (Cliff Lee Was Here)'!$C$59 | V78: ='JM (JMoney)'!$C$59 | Y78: ='JJ (metropolitans)'!$C$59 | AB78: ='KJ (Stat Sandwich)'!$C$59 | AE78: ='EP (Winning De)'!$C$59 | AH78: ='MB (Beckers Wreckers)'!$C$59 | AK78: ='MH (sabermutrics)'!$C$59 | AN78: ='MT (Tradezilla)'!$C$59 | AQ78: ='SM (Dawsyn)'!$C$59
D79: ='AC (Dumpster Fires)'!$F$63 | E79: =IF('AC (Dumpster Fires)'!$AA$67>0,'AC (Dumpster Fires)'!$Y$65,"") | G79: ='AW (Minor)'!$F$59 | H79: =IF('AW (Minor)'!$AA$57>0,'AW (Minor)'!$Y$55,"") | J79: ='BL (Brockasauras)'!$F$59 | K79: =IF('BL (Brockasauras)'!$AA$57>0,'BL (Brockasauras)'!$Y$55,"") | M79: ='CN (Nygaardians)'!$F$59 | N79: =IF('CN (Nygaardians)'!$AA$57>0,'CN (Nygaardians)'!$Y$55,"") | P79: ='CS (Shag Dawgs)'!$F$59 | Q79: =IF('CS (Shag Dawgs)'!$AA$57>0,'CS (Shag Dawgs)'!$Y$55,"") | S79: ='DC (Cliff Lee Was Here)'!$F$59 | T79: =IF('DC (Cliff Lee Was Here)'!$AA$57>0,'DC (Cliff Lee Was Here)'!$Y$55,"") | V79: ='JM (JMoney)'!$F$59 | W79: =IF('JM (JMoney)'!$AA$57>0,'JM (JMoney)'!$Y$55,"") | Y79: ='JJ (metropolitans)'!$F$59 | Z79: =IF('JJ (metropolitans)'!$AA$57>0,'JJ (metropolitans)'!$Y$55,"") | AB79: ='KJ (Stat Sandwich)'!$F$59 | AC79: =IF('KJ (Stat Sandwich)'!$AA$57>0,'KJ (Stat Sandwich)'!$Y$55,"") | AE79: ='EP (Winning De)'!$F$59 | AF79: =IF('EP (Winning De)'!$AA$57>0,'EP (Winning De)'!$Y$55,"") | AH79: ='MB (Beckers Wreckers)'!$F$59 | AI79: =IF('MB (Beckers Wreckers)'!$AA$57>0,'MB (Beckers Wreckers)'!$Y$55,"") | AK79: ='MH (sabermutrics)'!$F$59 | AL79: =IF('MH (sabermutrics)'!$AA$57>0,'MH (sabermutrics)'!$Y$55,"") | AN79: ='MT (Tradezilla)'!$F$59 | AO79: =IF('MT (Tradezilla)'!$AA$57>0,'MT (Tradezilla)'!$Y$55,"") | AQ79: ='SM (Dawsyn)'!$F$59 | AR79: =IF('SM (Dawsyn)'!$AA$57>0,'SM (Dawsyn)'!$Y$55,"")
D80: ='AC (Dumpster Fires)'!$C$64 | G80: ='AW (Minor)'!$C$60 | J80: ='BL (Brockasauras)'!$C$60 | M80: ='CN (Nygaardians)'!$C$60 | P80: ='CS (Shag Dawgs)'!$C$60 | S80: ='DC (Cliff Lee Was Here)'!$C$60 | V80: ='JM (JMoney)'!$C$60 | Y80: ='JJ (metropolitans)'!$C$60 | AB80: ='KJ (Stat Sandwich)'!$C$60 | AE80: ='EP (Winning De)'!$C$60 | AH80: ='MB (Beckers Wreckers)'!$C$60 | AK80: ='MH (sabermutrics)'!$C$60 | AN80: ='MT (Tradezilla)'!$C$60 | AQ80: ='SM (Dawsyn)'!$C$60
D81: ='AC (Dumpster Fires)'!$F$64 | E81: =IF('AC (Dumpster Fires)'!$AA$74>0,'AC (Dumpster Fires)'!$Y$72,"") | G81: ='AW (Minor)'!$F$60 | H81: =IF('AW (Minor)'!$AA$64>0,'AW (Minor)'!$Y$62,"") | J81: ='BL (Brockasauras)'!$F$60 | K81: =IF('BL (Brockasauras)'!$AA$64>0,'BL (Brockasauras)'!$Y$62,"") | M81: ='CN (Nygaardians)'!$F$60 | N81: =IF('CN (Nygaardians)'!$AA$64>0,'CN (Nygaardians)'!$Y$62,"") | P81: ='CS (Shag Dawgs)'!$F$60 | Q81: =IF('CS (Shag Dawgs)'!$AA$64>0,'CS (Shag Dawgs)'!$Y$62,"") | S81: ='DC (Cliff Lee Was Here)'!$F$60 | T81: =IF('DC (Cliff Lee Was Here)'!$AA$64>0,'DC (Cliff Lee Was Here)'!$Y$62,"") | V81: ='JM (JMoney)'!$F$60 | W81: =IF('JM (JMoney)'!$AA$64>0,'JM (JMoney)'!$Y$62,"") | Y81: ='JJ (metropolitans)'!$F$60 | Z81: =IF('JJ (metropolitans)'!$AA$64>0,'JJ (metropolitans)'!$Y$62,"") | AB81: ='KJ (Stat Sandwich)'!$F$60 | AC81: =IF('KJ (Stat Sandwich)'!$AA$64>0,'KJ (Stat Sandwich)'!$Y$62,"") | AE81: ='EP (Winning De)'!$F$60 | AF81: =IF('EP (Winning De)'!$AA$64>0,'EP (Winning De)'!$Y$62,"") | AH81: ='MB (Beckers Wreckers)'!$F$60 | AI81: =IF('MB (Beckers Wreckers)'!$AA$64>0,'MB (Beckers Wreckers)'!$Y$62,"") | AK81: ='MH (sabermutrics)'!$F$60 | AL81: =IF('MH (sabermutrics)'!$AA$64>0,'MH (sabermutrics)'!$Y$62,"") | AN81: ='MT (Tradezilla)'!$F$60 | AO81: =IF('MT (Tradezilla)'!$AA$64>0,'MT (Tradezilla)'!$Y$62,"") | AQ81: ='SM (Dawsyn)'!$F$60 | AR81: =IF('SM (Dawsyn)'!$AA$64>0,'SM (Dawsyn)'!$Y$62,"")
D82: ='AC (Dumpster Fires)'!$C$64 | G82: ='AW (Minor)'!$C$61 | J82: ='BL (Brockasauras)'!$C$61 | M82: ='CN (Nygaardians)'!$C$61 | P82: ='CS (Shag Dawgs)'!$C$61 | S82: ='DC (Cliff Lee Was Here)'!$C$61 | V82: ='JM (JMoney)'!$C$61 | Y82: ='JJ (metropolitans)'!$C$61 | AB82: ='KJ (Stat Sandwich)'!$C$61 | AE82: ='EP (Winning De)'!$C$61 | AH82: ='MB (Beckers Wreckers)'!$C$61 | AK82: ='MH (sabermutrics)'!$C$61 | AN82: ='MT (Tradezilla)'!$C$61 | AQ82: ='SM (Dawsyn)'!$C$61
D83: ='AC (Dumpster Fires)'!$F$64 | E83: =IF('AC (Dumpster Fires)'!$AA$74>0,'AC (Dumpster Fires)'!$Y$72,"") | G83: ='AW (Minor)'!$F$61 | H83: =IF('AW (Minor)'!$AA$71>0,'AW (Minor)'!$Y$69,"") | J83: ='BL (Brockasauras)'!$F$61 | K83: =IF('BL (Brockasauras)'!$AA$71>0,'BL (Brockasauras)'!$Y$69,"") | M83: ='CN (Nygaardians)'!$F$61 | N83: =IF('CN (Nygaardians)'!$AA$71>0,'CN (Nygaardians)'!$Y$69,"") | P83: ='CS (Shag Dawgs)'!$F$61 | Q83: =IF('CS (Shag Dawgs)'!$AA$71>0,'CS (Shag Dawgs)'!$Y$69,"") | S83: ='DC (Cliff Lee Was Here)'!$F$61 | T83: =IF('DC (Cliff Lee Was Here)'!$AA$71>0,'DC (Cliff Lee Was Here)'!$Y$69,"") | V83: ='JM (JMoney)'!$F$61 | W83: =IF('JM (JMoney)'!$AA$71>0,'JM (JMoney)'!$Y$69,"") | Y83: ='JJ (metropolitans)'!$F$61 | Z83: =IF('JJ (metropolitans)'!$AA$71>0,'JJ (metropolitans)'!$Y$69,"") | AB83: ='KJ (Stat Sandwich)'!$F$61 | AC83: =IF('KJ (Stat Sandwich)'!$AA$71>0,'KJ (Stat Sandwich)'!$Y$69,"") | AE83: ='EP (Winning De)'!$F$61 | AF83: =IF('EP (Winning De)'!$AA$71>0,'EP (Winning De)'!$Y$69,"") | AH83: ='MB (Beckers Wreckers)'!$F$61 | AI83: =IF('MB (Beckers Wreckers)'!$AA$71>0,'MB (Beckers Wreckers)'!$Y$69,"") | AK83: ='MH (sabermutrics)'!$F$61 | AL83: =IF('MH (sabermutrics)'!$AA$71>0,'MH (sabermutrics)'!$Y$69,"") | AN83: ='MT (Tradezilla)'!$F$61 | AO83: =IF('MT (Tradezilla)'!$AA$71>0,'MT (Tradezilla)'!$Y$69,"") | AQ83: ='SM (Dawsyn)'!$F$61 | AR83: =IF('SM (Dawsyn)'!$AA$71>0,'SM (Dawsyn)'!$Y$69,"")
D84: ='DC (Cliff Lee Was Here)'!$C$62 | G84: ='SM (Dawsyn)'!$C$62 | J84: ='AC (Dumpster Fires)'!$C$65 | M84: ='CS (Shag Dawgs)'!$C$62 | P84: ='BL (Brockasauras)'!$C$62 | S84: ='JM (JMoney)'!$C$62 | V84: ='EP (Winning De)'!$C$62 | Y84: ='MB (Beckers Wreckers)'!$C$62 | AB84: ='DC (Cliff Lee Was Here)'!$C$62 | AE84: ='MH (sabermutrics)'!$C$62 | AH84: ='KJ (Stat Sandwich)'!$C$62 | AK84: ='MT (Tradezilla)'!$C$62 | AN84: ='AW (Minor)'!$C$62 | AQ84: ='JJ (metropolitans)'!$C$62
D85: ='DC (Cliff Lee Was Here)'!$F$62 | E85: =IF('DC (Cliff Lee Was Here)'!$AA$78>0,'DC (Cliff Lee Was Here)'!$Y$76,"") | G85: ='SM (Dawsyn)'!$F$62 | H85: =IF('SM (Dawsyn)'!$AA$78>0,'SM (Dawsyn)'!$Y$76,"") | J85: ='AC (Dumpster Fires)'!$F$65 | K85: =IF('AC (Dumpster Fires)'!$AA$81>0,'AC (Dumpster Fires)'!$Y$79,"") | M85: ='CS (Shag Dawgs)'!$F$62 | N85: =IF('CS (Shag Dawgs)'!$AA$78>0,'CS (Shag Dawgs)'!$Y$76,"") | P85: ='BL (Brockasauras)'!$F$62 | Q85: =IF('BL (Brockasauras)'!$AA$78>0,'BL (Brockasauras)'!$Y$76,"") | S85: ='JM (JMoney)'!$F$62 | T85: =IF('JM (JMoney)'!$AA$78>0,'JM (JMoney)'!$Y$76,"") | V85: ='EP (Winning De)'!$F$62 | W85: =IF('EP (Winning De)'!$AA$78>0,'EP (Winning De)'!$Y$76,"") | Y85: ='MB (Beckers Wreckers)'!$F$62 | Z85: =IF('MB (Beckers Wreckers)'!$AA$78>0,'MB (Beckers Wreckers)'!$Y$76,"") | AB85: ='DC (Cliff Lee Was Here)'!$F$62 | AC85: =IF('DC (Cliff Lee Was Here)'!$AA$78>0,'DC (Cliff Lee Was Here)'!$Y$76,"") | AE85: ='MH (sabermutrics)'!$F$62 | AF85: =IF('MH (sabermutrics)'!$AA$78>0,'MH (sabermutrics)'!$Y$76,"") | AH85: ='KJ (Stat Sandwich)'!$F$62 | AI85: =IF('KJ (Stat Sandwich)'!$AA$78>0,'KJ (Stat Sandwich)'!$Y$76,"") | AK85: ='MT (Tradezilla)'!$F$62 | AL85: =IF('MT (Tradezilla)'!$AA$78>0,'MT (Tradezilla)'!$Y$76,"") | AN85: ='AW (Minor)'!$F$62 | AO85: =IF('AW (Minor)'!$AA$78>0,'AW (Minor)'!$Y$76,"") | AQ85: ='JJ (metropolitans)'!$F$62 | AR85: =IF('JJ (metropolitans)'!$AA$78>0,'JJ (metropolitans)'!$Y$76,"")
J96: ='AW (Minor)'!F97
J97: ='AW (Minor)'!I96 | K97: ='AW (Minor)'!L96
J98: ='AW (Minor)'!F98
J99: ='AW (Minor)'!I97 | K99: ='AW (Minor)'!L97

Sheet Farm Draft 2025
A2: Place | B2: Season Standings Order | C2: Pick Owners as of 2/15 | D2: Order | E2: Final Order | F2: Pick
A3: 7 | B3: Sabermutrics | C3: Sabermutrics | D3: 1
A4: 9 | B4: JMoney | C4: JMoney | D4: 2
A5: 11 | B5: Nygaardians | C5: JMoney | D5: 3
A6: 8 | B6: Brockasaurus | C6: Minor Legalities | D6: 4
A7: 10 | B7: Cliff Lee Was Here | C7: Cliff Lee Was Here | D7: 5
A8: 12 | B8: Winning DeLautery | C8: Winning DeLautery | D8: 6
A9: 13 | B9: Becker's Wreckers | C9: Becker's Wreckers | D9: 7
A10: 5 | B10: Tradezilla | C10: Cliff Lee Was Here | D10: 8
A11: 4 | B11: DAWSYN | C11: Minor Legalities | D11: 9
A12: 6 | B12: Dumpster Fire | C12: Dumpster Fire | D12: 10
A13: 14 | B13: Minor Legalities | C13: Minor Legalities | D13: 11
A14: 3 | B14: Metropolitans | C14: DAWSYN | D14: 12
... A30: 1 | B30: Stat Sandwich | C30: Minor Legalities | D30: 28

Sheet AC (Dumpster Fires)
B1: 2025 | C1: FINAL Roster | H1: BUDGET INFO. | M1: =CONCATENATE("Alan Campbell - Year",$B$1-2006," CONTRACT SHEET")
B3: 1B,CI | H3: =CONCATENATE($B$1," Base Draft Budget") | K3: 400 | M3: 2025 | O3: Player | Q3: Original Price | S3: Year Signed | U3: # of Years | W3: Years Left | Y3: Final Year | AA3: Price per year
B4: 1B,CI
B5: 1B,CI
B6: 2B,3B,CI,MI,OF | M6: 1st player contract -->> | O6: Adley Rutschman | Q6: 5 | S6: 2023 | U6: 7 | W6: =Y6-$B$1 | Y6: =S6+U6 | AA6: =IF(S6>=2014, IF(W6=0,0,IF(U6=1,Q6,IF(U6=2,Q6+5,IF(U6=3,Q6+10,IF(U6=4,Q6+15, IF(U6>4,Q6+U6*4)))))), IF(W6=0,0,IF(U6=1,Q6,IF(U6=2,Q6+4,IF(U6=3,Q6+8,IF(U6>3,Q6+U6*3))))))
B7: 2B,3B,SS,CI,MI
B8: 3B,CI | H8: =CONCATENATE("Starting ",$B$1+1," Draft Budget") | K8: =K3+K5
B9: 3B,CI | M9: 2nd player contract -->> | O9: Orion Kerkering | Q9: 0 | S9: 2024 | U9: 2 | W9: =Y9-$B$1 | Y9: =S9+U9 | AA9: =IF(S9>=2014, IF(W9=0,0,IF(U9=1,Q9,IF(U9=2,Q9+5,IF(U9=3,Q9+10,IF(U9=4,Q9+15, IF(U9>4,Q9+U9*4)))))), IF(W9=0,0,IF(U9=1,Q9,IF(U9=2,Q9+4,IF(U9=3,Q9+8,IF(U9>3,Q9+U9*3))))))
B10: C
B11: C
B12: C | H12: Regular Contracts | K12: =SUM(AA6:AA49) | M12: 3rd player contract -->> | O12: Brent Rooker | Q12: 2 | S12: 2024 | U12: 3 | W12: =Y12-$B$1 | Y12: =S12+U12 | AA12: =IF(S12>=2014, IF(W12=0,0,IF(U12=1,Q12,IF(U12=2,Q12+5,IF(U12=3,Q12+10,IF(U12=4,Q12+15, IF(U12>4,Q12+U12*4)))))), IF(W12=0,0,IF(U12=1,Q12,IF(U12=2,Q12+4,IF(U12=3,Q12+8,IF(U12>3,Q12+U12*3))))))
B13: C
B14: OF | H14: Bad Contracts | K14: =SUM(AA57,AA67,AA74,AA81)
B15: OF | M15: 4th player contract -->> | O15: Elly de la Cruz | Q15: 4 | S15: 2024 | U15: 7 | W15: =Y15-$B$1 | Y15: =S15+U15 | AA15: =IF(S15>=2014, IF(W15=0,0,IF(U15=1,Q15,IF(U15=2,Q15+5,IF(U15=3,Q15+10,IF(U15=4,Q15+15, IF(U15>4,Q15+U15*4)))))), IF(W15=0,0,IF(U15=1,Q15,IF(U15=2,Q15+4,IF(U15=3,Q15+8,IF(U15>3,Q15+U15*3))))))
B16: OF | H16: Farm Contracts | K16: =SUM(F38:F59)
B17: OF
B18: OF | H18: =CONCATENATE($B$1+1," Auction Budget acquired by trade (Offseason Only)") | K18: ='Draft budget calc'!E2 | M18: 5th player contract -->> | W18: =Y18-$B$1 | Y18: =S18+U18 | AA18: =IF(S18>=2014, IF(W18=0,0,IF(U18=1,Q18,IF(U18=2,Q18+5,IF(U18=3,Q18+10,IF(U18=4,Q18+15, IF(U18>4,Q18+U18*4)))))), IF(W18=0,0,IF(U18=1,Q18,IF(U18=2,Q18+4,IF(U18=3,Q18+8,IF(U18>3,Q18+U18*3))))))
B19: OF
B20: OF
B21: P | H21: Min. IP Penalties | K21: =SUM(D69:E74) | M21: 6th player contract -->> | W21: =Y21-$B$1 | Y21: =S21+U21 | AA21: =IF(S21>=2014, IF(W21=0,0,IF(U21=1,Q21,IF(U21=2,Q21+5,IF(U21=3,Q21+10,IF(U21=4,Q21+15, IF(U21>4,Q21+U21*4)))))), IF(W21=0,0,IF(U21=1,Q21,IF(U21=2,Q21+4,IF(U21=3,Q21+8,IF(U21>3,Q21+U21*3))))))
B22: P
B23: P | H23: =CONCATENATE($B$1+1," Draft Budget Spent") | K23: =SUM(K12,K14,K16,K21,-K18)
B24: P | M24: 7th player contract -->> | W24: =Y24-$B$1 | Y24: =S24+U24 | AA24: =IF(S24>=2014, IF(W24=0,0,IF(U24=1,Q24,IF(U24=2,Q24+5,IF(U24=3,Q24+10,IF(U24=4,Q24+15, IF(U24>4,Q24+U24*4)))))), IF(W24=0,0,IF(U24=1,Q24,IF(U24=2,Q24+4,IF(U24=3,Q24+8,IF(U24>3,Q24+U24*3))))))
B25: P
B26: P
B27: P | H27: =CONCATENATE("Remaining ",$B$1+1," Auction Budget") | K27: =K8-K23 | M27: 8th player contract -->> | W27: =Y27-$B$1 | Y27: =S27+U27 | AA27: =IF(S27>=2014, IF(W27=0,0,IF(U27=1,Q27,IF(U27=2,Q27+5,IF(U27=3,Q27+10,IF(U27=4,Q27+15, IF(U27>4,Q27+U27*4)))))), IF(W27=0,0,IF(U27=1,Q27,IF(U27=2,Q27+4,IF(U27=3,Q27+8,IF(U27>3,Q27+U27*3))))))
B28: P
B29: P
B30: P | M30: 9th player contract -->> | W30: =Y30-$B$1 | Y30: =S30+U30 | AA30: =IF(S30>=2014, IF(W30=0,0,IF(U30=1,Q30,IF(U30=2,Q30+5,IF(U30=3,Q30+10,IF(U30=4,Q30+15, IF(U30>4,Q30+U30*4)))))), IF(W30=0,0,IF(U30=1,Q30,IF(U30=2,Q30+4,IF(U30=3,Q30+8,IF(U30>3,Q30+U30*3))))))
B31: P | H31: Roster Key
B32: P
B33: SS,MI | H33: Red = Under contract | M33: 10th player contract -->> | W33: =Y33-$B$1 | Y33: =S33+U33 | AA33: =IF(S33>=2014, IF(W33=0,0,IF(U33=1,Q33,IF(U33=2,Q33+5,IF(U33=3,Q33+10,IF(U33=4,Q33+15, IF(U33>4,Q33+U33*4)))))), IF(W33=0,0,IF(U33=1,Q33,IF(U33=2,Q33+4,IF(U33=3,Q33+8,IF(U33>3,Q33+U33*3))))))
B34: SS,MI | H34: =CONCATENATE("Blue = Free Agent - Not signable")
B35: DL 3 | H35: White = Signable
B36: DL 4 | J36: =CONCATENATE("Keep ",M3+1,"?") | M36: 11th player contract -->> | W36: =Y36-$B$1 | Y36: =S36+U36 | AA36: =IF(S36>=2014, IF(W36=0,0,IF(U36=1,Q36,IF(U36=2,Q36+5,IF(U36=3,Q36+10,IF(U36=4,Q36+15, IF(U36>4,Q36+U36*4)))))), IF(W36=0,0,IF(U36=1,Q36,IF(U36=2,Q36+4,IF(U36=3,Q36+8,IF(U36>3,Q36+U36*3))))))
B37: DL 5 | G37: Drafted | I37: MLB
B38: Farm 1 | C38: Heston Kjerstad | F38: 9 | G38: 2021 | I38: Yes
B39: Farm 2 | C39: Andrew Painter | F39: 4 | G39: 2023 | I39: No | M39: 12th player contract -->> | W39: =Y39-$B$1 | Y39: =S39+U39 | AA39: =IF(S39>=2014, IF(W39=0,0,IF(U39=1,Q39,IF(U39=2,Q39+5,IF(U39=3,Q39+10,IF(U39=4,Q39+15, IF(U39>4,Q39+U39*4)))))), IF(W39=0,0,IF(U39=1,Q39,IF(U39=2,Q39+4,IF(U39=3,Q39+8,IF(U39>3,Q39+U39*3))))))
B40: Farm 3 | C40: Samuel Basallo | F40: 4 | G40: 2024 | I40: Yes
B41: Farm 4 | C41: Aidan Miller | F41: 2 | G41: 2024 | I41: No
B42: Farm 5 | M42: 13th player contract -->> | W42: =Y42-$B$1 | Y42: =S42+U42 | AA42: =IF(S42>=2014, IF(W42=0,0,IF(U42=1,Q42,IF(U42=2,Q42+5,IF(U42=3,Q42+10,IF(U42=4,Q42+15, IF(U42>4,Q42+U42*4)))))), IF(W42=0,0,IF(U42=1,Q42,IF(U42=2,Q42+4,IF(U42=3,Q42+8,IF(U42>3,Q42+U42*3))))))
B43: Farm 6
B44: Farm 7
B45: Farm 8 | M45: 14th player contract -->> | W45: =Y45-$B$1 | Y45: =S45+U45 | AA45: =IF(S45>=2014, IF(W45=0,0,IF(U45=1,Q45,IF(U45=2,Q45+5,IF(U45=3,Q45+10,IF(U45=4,Q45+15, IF(U45>4,Q45+U45*4)))))), IF(W45=0,0,IF(U45=1,Q45,IF(U45=2,Q45+4,IF(U45=3,Q45+8,IF(U45>3,Q45+U45*3))))))
B46: Farm 9
B47: Farm 10
B48: Farm 11 | M48: 15th player contract -->> | W48: =Y48-$B$1 | Y48: =S48+U48 | AA48: =IF(S48>=2014, IF(W48=0,0,IF(U48=1,Q48,IF(U48=2,Q48+5,IF(U48=3,Q48+10,IF(U48=4,Q48+15, IF(U48>4,Q48+U48*4)))))), IF(W48=0,0,IF(U48=1,Q48,IF(U48=2,Q48+4,IF(U48=3,Q48+8,IF(U48>3,Q48+U48*3))))))
B49: Farm 12
B50: Farm 13
B51: Farm 14
B52: Farm 15 | M52: Buyouts
B53: Farm 16
B54: Farm 17 | Q54: Orig. price | S54: Yr signed | U54: Yrs | W54: Yrs left | Y54: Final Yr | AA54: Orig. sign
B55: Farm 18 | M55: 1st dropped contract | O55: Nolan Jones | Q55: 2 | S55: 2023 | U55: 3 | W55: =Y55-$B$1 | Y55: =S55+U55 | AA55: =IF(S55>=2014, IF(W55=0,0,IF(U55=1,Q55,IF(U55=2,Q55+5,IF(U55=3,Q55+10,IF(U55=4,Q55+15, IF(U55>4,Q55+U55*4)))))), IF(W55=0,0,IF(U55=1,Q55,IF(U55=2,Q55+4,IF(U55=3,Q55+8,IF(U55>3,Q55+U55*3))))))
B56: Farm 19
B57: Farm 20 | M57: Year Dropped | O57: 2025 | P57: =CONCATENATE($M$3," Penalty % ") | U57: =(0.7-0.1*($M$3-(O57+1))) | V57: =CONCATENATE("Penalty in ",$M$3) | AA57: =IF(Y55>$B$1, ROUND(AA55*U57,0), 0)
B58: Farm 21
B59: Farm 22
F61: =$B$1+1 | G61: =$B$1+2 | I61: =$B$1+3 | J61: =$B$1+4 | M61: Contract Ends | O61: =Y55
B62: Buyout 1 | C62: =IF($AA$57>0,$O$55,"") | F62: =IF($AA$57>0,$AA$57,"") | G62: =IF($AA$57>0,$U$59,"") | I62: =IF($AA$57>0,$U$63,"") | J62: =IF($AA$57>0,$AA$62,"") | M62: Years Penalized | O62: =O61-O57 | Q62: =CONCATENATE("Penalty in ",$M$3+1) | U62: =IF(Y55>$M$3,ROUND(AA55*(U57-0.1),0),0) | W62: =CONCATENATE("Penalty in ",$M$3+3) | AA62: =IF(Y55>$M$3+2,ROUND(AG55*(AA61-0.1),0),0)
B63: Buyout 2 | C63: =IF($AA$67>0,$O$65,"") | F63: =IF($AA$67>0,$AA$67,"") | G63: =IF($AA$67>0,$U$69,"") | I63: =IF($AA$74>0,$U$77,"") | J63: =IF($AA$74>0,$AA$76,"") | Q63: =CONCATENATE("Penalty in ",$M$3+2) | U63: =IF(Y55>$M$3+1,ROUND(AA56*(U62-0.1),0),0) | W63: Total Penalty Left | AA63: =SUM(AA57+U62+U63+AA62)
B64: Buyout 3 | C64: =IF($AA$74>0,$O$72,"") | F64: =IF($AA$74>0,$AA$74,"") | G64: =IF($AA$81>0,$U$83,"") | I64: =IF($AA$81>0,$U$84,"") | J64: =IF($AA$81>0,$AA$83,"")
B65: Buyout 4 | C65: =IF($AA$74>0,$O$72,"") | F65: =IF($AA$74>0,$AA$74,"") | G65: =IF($AA$81>0,$U$83,"") | I65: =IF($AA$81>0,$U$84,"") | J65: =IF($AA$81>0,$AA$83,"") | M65: 2nd dropped contract | Y65: =S65+U65 | AA65: =IF(S65>=2014, IF(W65=0,0,IF(U65=1,Q65,IF(U65=2,Q65+5,IF(U65=3,Q65+10,IF(U65=4,Q65+15, IF(U65>4,Q65+U65*4)))))), IF(W65=0,0,IF(U65=1,Q65,IF(U65=2,Q65+4,IF(U65=3,Q65+8,IF(U65>3,Q65+U65*3))))))
B67: Missed IP Penalty | M67: Year Dropped | P67: =CONCATENATE($M$3," Penalty % ") | U67: =(0.7-0.1*($M$3-(O67+1))) | V67: =CONCATENATE("Penalty in ",$M$3) | AA67: =IF(Y65>$B$1, ROUND(AA65*U67,0), 0)
M68: Contract Ends | O68: =Y65
M69: Years Penalized | O69: =O68-O67 | Q69: =CONCATENATE("Penalty in ",$M$3+1) | U69: =IF(Y65>$M$3,ROUND(AA65*(U67-0.1),0),0) | W69: =CONCATENATE("Penalty in ",$M$3+3) | AA69: =IF(Y65>$M$3+2,ROUND(AG65*(AA68-0.1),0),0)
Q70: =CONCATENATE("Penalty in ",$M$3+2) | U70: =IF(Y65>$M$3+1,ROUND(AA66*(U69-0.1),0),0) | W70: Total Penalty Left | AA70: =SUM(AA67+U69+U70+AA69)
M72: 3rd dropped contract | W72: =Y72-$B$1 | Y72: =S72+U72 | AA72: =IF(S72>=2014, IF(W72=0,0,IF(U72=1,Q72,IF(U72=2,Q72+5,IF(U72=3,Q72+10,IF(U72=4,Q72+15, IF(U72>4,Q72+U72*4)))))), IF(W72=0,0,IF(U72=1,Q72,IF(U72=2,Q72+4,IF(U72=3,Q72+8,IF(U72>3,Q72+U72*3))))))
M74: Year Dropped | P74: =CONCATENATE($M$3," Penalty % ") | U74: =(0.7-0.1*($M$3-(O74+1))) | V74: =CONCATENATE("Penalty in ",$M$3) | AA74: =IF(Y72>$B$1, ROUND(AA72*U74,0), 0)
M75: Contract Ends | O75: =Y72
M76: Years Penalized | O76: =O75-O74 | Q76: =CONCATENATE("Penalty in ",$M$3+1) | U76: =IF(Y72>$M$3,ROUND(AA72*(U74-0.1),0),0) | W76: =CONCATENATE("Penalty in ",$M$3+3) | AA76: =IF(Y72>$M$3+2,ROUND(AG72*(AA75-0.1),0),0)
Q77: =CONCATENATE("Penalty in ",$M$3+2) | U77: =IF(Y72>$M$3+1,ROUND(AA73*(U76-0.1),0),0) | W77: Total Penalty Left | AA77: =SUM(AA74+U76+U77+AA76)
M79: 4th dropped contract | W79: =Y79-$B$1 | Y79: =S79+U79 | AA79: =IF(S79>=2014, IF(W79=0,0,IF(U79=1,Q79,IF(U79=2,Q79+5,IF(U79=3,Q79+10,IF(U79=4,Q79+15, IF(U79>4,Q79+U79*4)))))), IF(W79=0,0,IF(U79=1,Q79,IF(U79=2,Q79+4,IF(U79=3,Q79+8,IF(U79>3,Q79+U79*3))))))
M81: Year Dropped | P81: =CONCATENATE($M$3," Penalty % ") | U81: =(0.7-0.1*($M$3-(O81+1))) | V81: =CONCATENATE("Penalty in ",$M$3) | AA81: =IF(Y79>$B$1, ROUND(AA79*U81,0), 0)
M82: Contract Ends | O82: =Y79
M83: Years Penalized | O83: =O82-O81 | Q83: =CONCATENATE("Penalty in ",$M$3+1) | U83: =IF(Y79>$M$3,ROUND(AA79*(U81-0.1),0),0) | W83: =CONCATENATE("Penalty in ",$M$3+3) | AA83: =IF(Y79>$M$3+2,ROUND(AG79*(AA82-0.1),0),0)
Q84: =CONCATENATE("Penalty in ",$M$3+2) | U84: =IF(Y79>$M$3+1,ROUND(AA80*(U83-0.1),0),0) | W84: Total Penalty Left | AA84: =SUM(AA81+U83+U84+AA83)

Sheet AW (Minor)
B1: 2025 | C1: FINAL Roster | H1: BUDGET INFO. | M1: =CONCATENATE("Andrew Weinert - Year",$B$1-2006," CONTRACT SHEET")
B3: 1B,2B,3B,CI,MI | H3: =CONCATENATE($B$1," Base Draft Budget") | K3: 400 | M3: 2025 | O3: Player | Q3: Original Price | S3: Year Signed | U3: # of Years | W3: Years Left | Y3: Final Year | AA3: Price per year
B4: 1B,CI
B5: 1B,CI
B6: 1B,CI,OF | M6: 1st player contract -->> | O6: Colton Cowser | Q6: 0 | S6: 2024 | U6: 3 | W6: =Y6-$B$1 | Y6: =S6+U6 | AA6: =IF(S6>=2014, IF(W6=0,0,IF(U6=1,Q6,IF(U6=2,Q6+5,IF(U6=3,Q6+10,IF(U6=4,Q6+15, IF(U6>4,Q6+U6*4)))))), IF(W6=0,0,IF(U6=1,Q6,IF(U6=2,Q6+4,IF(U6=3,Q6+8,IF(U6>3,Q6+U6*3))))))
B7: 2B,MI
B8: 2B,MI | H8: =CONCATENATE("Starting ",$B$1+1," Draft Budget") | K8: =K3+K5
B9: 2B,MI | M9: 2nd player contract -->> | O9: Bryson Stott | Q9: 2 | S9: 2023 | U9: 3 | W9: =Y9-$B$1 | Y9: =S9+U9 | AA9: =IF(S9>=2014, IF(W9=0,0,IF(U9=1,Q9,IF(U9=2,Q9+5,IF(U9=3,Q9+10,IF(U9=4,Q9+15, IF(U9>4,Q9+U9*4)))))), IF(W9=0,0,IF(U9=1,Q9,IF(U9=2,Q9+4,IF(U9=3,Q9+8,IF(U9>3,Q9+U9*3))))))
B10: 3B,CI
B11: 3B,CI
B12: C | H12: Regular Contracts | K12: =SUM(AA6:AA49) | M12: 3rd player contract -->> | O12: Spencer Torkelson | Q12: 3 | S12: 2022 | U12: 5 | W12: =Y12-$B$1 | Y12: =S12+U12 | AA12: =IF(S12>=2014, IF(W12=0,0,IF(U12=1,Q12,IF(U12=2,Q12+5,IF(U12=3,Q12+10,IF(U12=4,Q12+15, IF(U12>4,Q12+U12*4)))))), IF(W12=0,0,IF(U12=1,Q12,IF(U12=2,Q12+4,IF(U12=3,Q12+8,IF(U12>3,Q12+U12*3))))))
B13: C
B14: OF | H14: Bad Contracts | K14: =SUM(AA57,AA64,AA71,AA78)
B15: OF | M15: 4th player contract -->> | O15: Kerry Carpenter | Q15: 0 | S15: 2023 | U15: 3 | W15: =Y15-$B$1 | Y15: =S15+U15 | AA15: =IF(S15>=2014, IF(W15=0,0,IF(U15=1,Q15,IF(U15=2,Q15+5,IF(U15=3,Q15+10,IF(U15=4,Q15+15, IF(U15>4,Q15+U15*4)))))), IF(W15=0,0,IF(U15=1,Q15,IF(U15=2,Q15+4,IF(U15=3,Q15+8,IF(U15>3,Q15+U15*3))))))
B16: OF | H16: Farm Contracts | K16: =SUM(F38:F57)
B17: OF
B18: OF | H18: =CONCATENATE($B$1+1," Auction Budget acquired by trade (Offseason Only)") | K18: ='Draft budget calc'!E3 | M18: 5th player contract -->> | O18: George Kirby | Q18: 6 | S18: 2024 | U18: 5 | W18: =Y18-$B$1 | Y18: =S18+U18 | AA18: =IF(S18>=2014, IF(W18=0,0,IF(U18=1,Q18,IF(U18=2,Q18+5,IF(U18=3,Q18+10,IF(U18=4,Q18+15, IF(U18>4,Q18+U18*4)))))), IF(W18=0,0,IF(U18=1,Q18,IF(U18=2,Q18+4,IF(U18=3,Q18+8,IF(U18>3,Q18+U18*3))))))
B19: OF
B20: OF
B21: P | H21: Min. IP Penalties | M21: 6th player contract -->> | O21: Grayson Rodriguez | Q21: 6 | S21: 2024 | U21: 5 | W21: =Y21-$B$1 | Y21: =S21+U21 | AA21: =IF(S21>=2014, IF(W21=0,0,IF(U21=1,Q21,IF(U21=2,Q21+5,IF(U21=3,Q21+10,IF(U21=4,Q21+15, IF(U21>4,Q21+U21*4)))))), IF(W21=0,0,IF(U21=1,Q21,IF(U21=2,Q21+4,IF(U21=3,Q21+8,IF(U21>3,Q21+U21*3))))))
B22: P
B23: P | H23: =CONCATENATE($B$1+1," Draft Budget Spent") | K23: =SUM(K12,K14,K16,K21,-K18)
B24: P | M24: 7th player contract -->> | O24: Zack Gelof | Q24: 4 | S24: 2023 | U24: 3 | W24: =Y24-$B$1 | Y24: =S24+U24 | AA24: =IF(S24>=2014, IF(W24=0,0,IF(U24=1,Q24,IF(U24=2,Q24+5,IF(U24=3,Q24+10,IF(U24=4,Q24+15, IF(U24>4,Q24+U24*4)))))), IF(W24=0,0,IF(U24=1,Q24,IF(U24=2,Q24+4,IF(U24=3,Q24+8,IF(U24>3,Q24+U24*3))))))
B25: P
B26: P
B27: P | H27: =CONCATENATE("Remaining ",$B$1+1," Auction Budget") | K27: =K8-K23 | M27: 8th player contract -->> | O27: Austin Wells | Q27: 3 | S27: 2024 | U27: 3 | W27: =Y27-$B$1 | Y27: =S27+U27 | AA27: =IF(S27>=2014, IF(W27=0,0,IF(U27=1,Q27,IF(U27=2,Q27+5,IF(U27=3,Q27+10,IF(U27=4,Q27+15, IF(U27>4,Q27+U27*4)))))), IF(W27=0,0,IF(U27=1,Q27,IF(U27=2,Q27+4,IF(U27=3,Q27+8,IF(U27>3,Q27+U27*3))))))
B28: P
B29: P
B30: P | M30: 9th player contract -->> | W30: =Y30-$B$1 | Y30: =S30+U30 | AA30: =IF(S30>=2014, IF(W30=0,0,IF(U30=1,Q30,IF(U30=2,Q30+5,IF(U30=3,Q30+10,IF(U30=4,Q30+15, IF(U30>4,Q30+U30*4)))))), IF(W30=0,0,IF(U30=1,Q30,IF(U30=2,Q30+4,IF(U30=3,Q30+8,IF(U30>3,Q30+U30*3))))))
B31: P | H31: Roster Key
B32: P
B33: P | H33: Red = Under contract | M33: 10th player contract -->> | W33: =Y33-$B$1 | Y33: =S33+U33 | AA33: =IF(S33>=2014, IF(W33=0,0,IF(U33=1,Q33,IF(U33=2,Q33+5,IF(U33=3,Q33+10,IF(U33=4,Q33+15, IF(U33>4,Q33+U33*4)))))), IF(W33=0,0,IF(U33=1,Q33,IF(U33=2,Q33+4,IF(U33=3,Q33+8,IF(U33>3,Q33+U33*3))))))
B34: P | H34: =CONCATENATE("Blue = Free Agent - Not signable")
B35: P | H35: White = Signable
B36: SS,MI | J36: =CONCATENATE("Keep ",M3+1,"?") | M36: 11th player contract -->> | W36: =Y36-$B$1 | Y36: =S36+U36 | AA36: =IF(S36>=2014, IF(W36=0,0,IF(U36=1,Q36,IF(U36=2,Q36+5,IF(U36=3,Q36+10,IF(U36=4,Q36+15, IF(U36>4,Q36+U36*4)))))), IF(W36=0,0,IF(U36=1,Q36,IF(U36=2,Q36+4,IF(U36=3,Q36+8,IF(U36>3,Q36+U36*3))))))
B37: SS,MI | G37: Drafted | I37: MLB
B38: Farm 1
B39: Farm 2 | C39: Luis Morales | F39: 5 | G39: 2023 | I39: Yes | M39: 12th player contract -->> | W39: =Y39-$B$1 | Y39: =S39+U39 | AA39: =IF(S39>=2014, IF(W39=0,0,IF(U39=1,Q39,IF(U39=2,Q39+5,IF(U39=3,Q39+10,IF(U39=4,Q39+15, IF(U39>4,Q39+U39*4)))))), IF(W39=0,0,IF(U39=1,Q39,IF(U39=2,Q39+4,IF(U39=3,Q39+8,IF(U39>3,Q39+U39*3))))))
B40: Farm 3 | C40: Chase Dollander | F40: 5 | G40: 2023 | I40: Yes
B41: Farm 4 | C41: Paul Skenes | F41: 5 | G41: 2024 | I41: Yes
B42: Farm 5 | C42: Ethan Holliday | F42: 3 | G42: 2024 | I42: No | M42: 13th player contract -->> | W42: =Y42-$B$1 | Y42: =S42+U42 | AA42: =IF(S42>=2014, IF(W42=0,0,IF(U42=1,Q42,IF(U42=2,Q42+5,IF(U42=3,Q42+10,IF(U42=4,Q42+15, IF(U42>4,Q42+U42*4)))))), IF(W42=0,0,IF(U42=1,Q42,IF(U42=2,Q42+4,IF(U42=3,Q42+8,IF(U42>3,Q42+U42*3))))))
B43: Farm 6 | C43: Vance Honeycutt | F43: 3 | G43: 2024 | I43: No
B44: Farm 7 | C44: Lazaro Montes | F44: 3 | G44: 2024 | I44: No
B45: Farm 8 | C45: Alfredo Duno | F45: 2 | G45: 2025 | I45: No | M45: 14th player contract -->> | W45: =Y45-$B$1 | Y45: =S45+U45 | AA45: =IF(S45>=2014, IF(W45=0,0,IF(U45=1,Q45,IF(U45=2,Q45+5,IF(U45=3,Q45+10,IF(U45=4,Q45+15, IF(U45>4,Q45+U45*4)))))), IF(W45=0,0,IF(U45=1,Q45,IF(U45=2,Q45+4,IF(U45=3,Q45+8,IF(U45>3,Q45+U45*3))))))
B46: Farm 9 | C46: Hagen Smith | F46: 2 | G46: 2025 | I46: No
B47: Farm 10 | C47: Kayson Cunningham | F47: 2 | G47: 2025 | I47: No
B48: Farm 11 | C48: Wehiwa Aloy | F48: 2 | G48: 2025 | I48: No | M48: 15th player contract -->> | W48: =Y48-$B$1 | Y48: =S48+U48 | AA48: =IF(S48>=2014, IF(W48=0,0,IF(U48=1,Q48,IF(U48=2,Q48+5,IF(U48=3,Q48+10,IF(U48=4,Q48+15, IF(U48>4,Q48+U48*4)))))), IF(W48=0,0,IF(U48=1,Q48,IF(U48=2,Q48+4,IF(U48=3,Q48+8,IF(U48>3,Q48+U48*3))))))
B49: Farm 12 | C49: Cam Smith | F49: 3 | G49: 2025 | I49: Yes
B50: Farm 13 | C50: Moises Ballesteros | F50: 3 | G50: 2025 | I50: Yes
B51: Farm 14
B52: Farm 15 | M52: Buyouts
B53: Farm 16
B54: Farm 17 | Q54: Orig. price | S54: Yr signed | U54: Yrs | W54: Yrs left | Y54: Final Yr | AA54: Orig. sign
B55: Farm 18 | M55: 1st dropped contract | W55: =Y55-$B$1 | Y55: =S55+U55 | AA55: =IF(S55>=2014, IF(W55=0,0,IF(U55=1,Q55,IF(U55=2,Q55+5,IF(U55=3,Q55+10,IF(U55=4,Q55+15, IF(U55>4,Q55+U55*4)))))), IF(W55=0,0,IF(U55=1,Q55,IF(U55=2,Q55+4,IF(U55=3,Q55+8,IF(U55>3,Q55+U55*3))))))
B56: Farm 19
B57: Farm 20 | M57: Year Dropped | O57: 2024 | P57: =CONCATENATE($M$3," Penalty % ") | U57: =(0.7-0.1*($M$3-(O57+1))) | V57: =CONCATENATE("Penalty in ",$M$3) | AA57: =IF(Y55>$B$1, ROUND(AA55*U57,0), 0)
F58: =$B$1+1 | G58: =$B$1+2 | I58: =$B$1+3 | J58: =$B$1+4 | M58: Contract Ends | O58: =Y55
B59: Buyout 1 | C59: =IF($AA$57>0,$O$55,"") | F59: =IF($AA$57>0,$AA$57,"") | G59: =IF($AA$57>0,$U$59,"") | I59: =IF($AA$57>0,$U$60,"") | J59: =IF($AA$57>0,$AA$59,"") | M59: Years Penalized | O59: =O58-O57 | Q59: =CONCATENATE("Penalty in ",$M$3+1) | U59: =IF(Y55>$M$3,ROUND(AA55*(U57-0.1),0),0) | W59: =CONCATENATE("Penalty in ",$M$3+3) | AA59: =IF(Y55>$M$3+2,ROUND(AG55*(AA58-0.1),0),0)
B60: Buyout 2 | C60: =IF($AA$64>0,$O$62,"") | F60: =IF($AA$64>0,$AA$64,"") | G60: =IF($AA$64>0,$U$66,"") | I60: =IF($AA$64>0,$U$67,"") | J60: =IF($AA$64>0,$AA$66,"") | Q60: =CONCATENATE("Penalty in ",$M$3+2) | U60: =IF(Y55>$M$3+1,ROUND(AA56*(U59-0.1),0),0) | W60: Total Penalty Left | AA60: =SUM(AA57+U59+U60+AA59)
B61: Buyout 3 | C61: =IF($AA$71>0,$O$69,"") | F61: =IF($AA$71>0,$AA$71,"") | G61: =IF($AA$71>0,$U$73,"") | I61: =IF($AA$71>0,$U$74,"") | J61: =IF($AA$71>0,$AA$73,"")
B62: Buyout 4 | C62: =IF($AA$78>0,$O$76,"") | F62: =IF($AA$78>0,$AA$78,"") | G62: =IF($AA$78>0,$U$80,"") | I62: =IF($AA$78>0,$U$81,"") | J62: =IF($AA$78>0,$AA$80,"") | M62: 2nd dropped contract | Q62: 0 | W62: =Y62-$B$1 | Y62: =S62+U62 | AA62: =IF(S62>=2014, IF(W62=0,0,IF(U62=1,Q62,IF(U62=2,Q62+5,IF(U62=3,Q62+10,IF(U62=4,Q62+15, IF(U62>4,Q62+U62*4)))))), IF(W62=0,0,IF(U62=1,Q62,IF(U62=2,Q62+4,IF(U62=3,Q62+8,IF(U62>3,Q62+U62*3))))))
B64: Missed IP Penalty | M64: Year Dropped | P64: =CONCATENATE($M$3," Penalty % ") | U64: =(0.7-0.1*($M$3-(O64+1))) | V64: =CONCATENATE("Penalty in ",$M$3) | AA64: =IF(Y62>$B$1, ROUND(AA62*U64,0), 0)
M65: Contract Ends | O65: =Y62
M66: Years Penalized | O66: =O65-O64 | Q66: =CONCATENATE("Penalty in ",$M$3+1) | U66: =IF(Y62>$M$3,ROUND(AA62*(U64-0.1),0),0) | W66: =CONCATENATE("Penalty in ",$M$3+3) | AA66: =IF(Y62>$M$3+2,ROUND(AG62*(AA65-0.1),0),0)
Q67: =CONCATENATE("Penalty in ",$M$3+2) | U67: =IF(Y62>$M$3+1,ROUND(AA63*(U66-0.1),0),0) | W67: Total Penalty Left | AA67: =SUM(AA64+U66+U67+AA66)
M69: 3rd dropped contract | O69: MJ Melendez | W69: =Y69-$B$1 | Y69: =S69+U69 | AA69: =IF(S69>=2014, IF(W69=0,0,IF(U69=1,Q69,IF(U69=2,Q69+5,IF(U69=3,Q69+10,IF(U69=4,Q69+15, IF(U69>4,Q69+U69*4)))))), IF(W69=0,0,IF(U69=1,Q69,IF(U69=2,Q69+4,IF(U69=3,Q69+8,IF(U69>3,Q69+U69*3))))))
M71: Year Dropped | O71: 2024 | P71: =CONCATENATE($M$3," Penalty % ") | U71: =(0.7-0.1*($M$3-(O71+1))) | V71: =CONCATENATE("Penalty in ",$M$3) | AA71: =IF(Y69>$B$1, ROUND(AA69*U71,0), 0)
M72: Contract Ends | O72: =Y69
M73: Years Penalized | O73: =O72-O71 | Q73: =CONCATENATE("Penalty in ",$M$3+1) | U73: =IF(Y69>$M$3,ROUND(AA69*(U71-0.1),0),0) | W73: =CONCATENATE("Penalty in ",$M$3+3) | AA73: =IF(Y69>$M$3+2,ROUND(AG69*(AA72-0.1),0),0)
Q74: =CONCATENATE("Penalty in ",$M$3+2) | U74: =IF(Y69>$M$3+1,ROUND(AA70*(U73-0.1),0),0) | W74: Total Penalty Left | AA74: =SUM(AA71+U73+U74+AA73)
M76: 4th dropped contract | W76: =Y76-$B$1 | Y76: =S76+U76 | AA76: =IF(S76>=2014, IF(W76=0,0,IF(U76=1,Q76,IF(U76=2,Q76+5,IF(U76=3,Q76+10,IF(U76=4,Q76+15, IF(U76>4,Q76+U76*4)))))), IF(W76=0,0,IF(U76=1,Q76,IF(U76=2,Q76+4,IF(U76=3,Q76+8,IF(U76>3,Q76+U76*3))))))
M78: Year Dropped | P78: =CONCATENATE($M$3," Penalty % ") | U78: =(0.7-0.1*($M$3-(O78+1))) | V78: =CONCATENATE("Penalty in ",$M$3) | AA78: =IF(Y76>$B$1, ROUND(AA76*U78,0), 0)
M79: Contract Ends | O79: =Y76
M80: Years Penalized | O80: =O79-O78 | Q80: =CONCATENATE("Penalty in ",$M$3+1) | U80: =IF(Y76>$M$3,ROUND(AA76*(U78-0.1),0),0) | W80: =CONCATENATE("Penalty in ",$M$3+3) | AA80: =IF(Y76>$M$3+2,ROUND(AG76*(AA79-0.1),0),0)
Q81: =CONCATENATE("Penalty in ",$M$3+2) | U81: =IF(Y76>$M$3+1,ROUND(AA77*(U80-0.1),0),0) | W81: Total Penalty Left | AA81: =SUM(AA78+U80+U81+AA80)

Sheet BL (Brockasauras)
B1: 2025 | C1: FINAL Roster | H1: BUDGET INFO. | M1: =CONCATENATE("Brock Lauritsen - Year",$B$1-2006," CONTRACT SHEET")
B3: 1B,3B,CI | H3: =CONCATENATE($B$1," Base Draft Budget") | K3: 400 | M3: 2025 | O3: Player | Q3: Original Price | S3: Year Signed | U3: # of Years | W3: Years Left | Y3: Final Year | AA3: Price per year
B4: 1B,CI
B5: 1B,CI
B6: 1B,CI | M6: 1st player contract -->> | O6: Alex Bregman | Q6: 5 | S6: 2018 | U6: 8 | W6: =Y6-$B$1 | Y6: =S6+U6 | AA6: =IF(S6>=2014, IF(W6=0,0,IF(U6=1,Q6,IF(U6=2,Q6+5,IF(U6=3,Q6+10,IF(U6=4,Q6+15, IF(U6>4,Q6+U6*4)))))), IF(W6=0,0,IF(U6=1,Q6,IF(U6=2,Q6+4,IF(U6=3,Q6+8,IF(U6>3,Q6+U6*3))))))
B7: 1B,CI,OF
B8: 2B,MI | H8: =CONCATENATE("Starting ",$B$1+1," Draft Budget") | K8: =K3+K5
B9: 2B,MI,OF | M9: 2nd player contract -->> | O9: Max Fried | Q9: 47 | S9: 2025 | U9: 2 | W9: =Y9-$B$1 | Y9: =S9+U9 | AA9: =IF(S9>=2014, IF(W9=0,0,IF(U9=1,Q9,IF(U9=2,Q9+5,IF(U9=3,Q9+10,IF(U9=4,Q9+15, IF(U9>4,Q9+U9*4)))))), IF(W9=0,0,IF(U9=1,Q9,IF(U9=2,Q9+4,IF(U9=3,Q9+8,IF(U9>3,Q9+U9*3))))))
B10: 2B,SS,MI
B11: 3B,CI
B12: 3B,CI | H12: Regular Contracts | K12: =SUM(AA6:AA49) | M12: 3rd player contract -->> | O12: Isaac Paredes | Q12: 3 | S12: 2023 | U12: 3 | W12: =Y12-$B$1 | Y12: =S12+U12 | AA12: =IF(S12>=2014, IF(W12=0,0,IF(U12=1,Q12,IF(U12=2,Q12+5,IF(U12=3,Q12+10,IF(U12=4,Q12+15, IF(U12>4,Q12+U12*4)))))), IF(W12=0,0,IF(U12=1,Q12,IF(U12=2,Q12+4,IF(U12=3,Q12+8,IF(U12>3,Q12+U12*3))))))
B13: C,1B,CI
B14: C,OF | H14: Bad Contracts | K14: =SUM(AA57,AA64,AA71,AA78)
B15: OF | M15: 4th player contract -->> | O15: Jackson Merrill | Q15: 2 | S15: 2024 | U15: 5 | W15: =Y15-$B$1 | Y15: =S15+U15 | AA15: =IF(S15>=2014, IF(W15=0,0,IF(U15=1,Q15,IF(U15=2,Q15+5,IF(U15=3,Q15+10,IF(U15=4,Q15+15, IF(U15>4,Q15+U15*4)))))), IF(W15=0,0,IF(U15=1,Q15,IF(U15=2,Q15+4,IF(U15=3,Q15+8,IF(U15>3,Q15+U15*3))))))
B16: OF | H16: Farm Contracts | K16: =SUM(F38:F57)
B17: OF
B18: OF | H18: =CONCATENATE($B$1+1," Auction Budget acquired by trade (Offseason Only)") | K18: ='Draft budget calc'!E4 | M18: 5th player contract -->> | O18: Riley Greene | Q18: 6 | S18: 2024 | U18: 3 | W18: =Y18-$B$1 | Y18: =S18+U18 | AA18: =IF(S18>=2014, IF(W18=0,0,IF(U18=1,Q18,IF(U18=2,Q18+5,IF(U18=3,Q18+10,IF(U18=4,Q18+15, IF(U18>4,Q18+U18*4)))))), IF(W18=0,0,IF(U18=1,Q18,IF(U18=2,Q18+4,IF(U18=3,Q18+8,IF(U18>3,Q18+U18*3))))))
B19: OF
B20: P
B21: P | H21: Min. IP Penalties | K21: =SUM(D66:E71) | M21: 6th player contract -->> | O21: Wilson Contreras | Q21: 10 | S21: 2024 | U21: 2 | W21: =Y21-$B$1 | Y21: =S21+U21 | AA21: =IF(S21>=2014, IF(W21=0,0,IF(U21=1,Q21,IF(U21=2,Q21+5,IF(U21=3,Q21+10,IF(U21=4,Q21+15, IF(U21>4,Q21+U21*4)))))), IF(W21=0,0,IF(U21=1,Q21,IF(U21=2,Q21+4,IF(U21=3,Q21+8,IF(U21>3,Q21+U21*3))))))
B22: P
B23: P | H23: =CONCATENATE($B$1+1," Draft Budget Spent") | K23: =SUM(K12,K14,K16,K21,-K18)
B24: P | M24: 7th player contract -->> | O24: Jacob Wilson | Q24: 0 | S24: 2025 | U24: 3 | W24: =Y24-$B$1 | Y24: =S24+U24 | AA24: =IF(S24>=2014, IF(W24=0,0,IF(U24=1,Q24,IF(U24=2,Q24+5,IF(U24=3,Q24+10,IF(U24=4,Q24+15, IF(U24>4,Q24+U24*4)))))), IF(W24=0,0,IF(U24=1,Q24,IF(U24=2,Q24+4,IF(U24=3,Q24+8,IF(U24>3,Q24+U24*3))))))
B25: P
B26: P
B27: P | H27: =CONCATENATE("Remaining ",$B$1+1," Auction Budget") | K27: =K8-K23 | M27: 8th player contract -->> | O27: Seiya Suzuki | Q27: 9 | S27: 2025 | U27: 2 | W27: =Y27-$B$1 | Y27: =S27+U27 | AA27: =IF(S27>=2014, IF(W27=0,0,IF(U27=1,Q27,IF(U27=2,Q27+5,IF(U27=3,Q27+10,IF(U27=4,Q27+15, IF(U27>4,Q27+U27*4)))))), IF(W27=0,0,IF(U27=1,Q27,IF(U27=2,Q27+4,IF(U27=3,Q27+8,IF(U27>3,Q27+U27*3))))))
B28: P
B29: P
B30: P | M30: 9th player contract -->> | O30: Randy Arozarena | Q30: 22 | S30: 2025 | U30: 2 | W30: =Y30-$B$1 | Y30: =S30+U30 | AA30: =IF(S30>=2014, IF(W30=0,0,IF(U30=1,Q30,IF(U30=2,Q30+5,IF(U30=3,Q30+10,IF(U30=4,Q30+15, IF(U30>4,Q30+U30*4)))))), IF(W30=0,0,IF(U30=1,Q30,IF(U30=2,Q30+4,IF(U30=3,Q30+8,IF(U30>3,Q30+U30*3))))))
B31: P | H31: Roster Key
B32: P
B33: P | H33: Red = Under contract | M33: 10th player contract -->> | O33: Romany Anthony | Q33: 2 | S33: 2025 | U33: 7 | W33: =Y33-$B$1 | Y33: =S33+U33 | AA33: =IF(S33>=2014, IF(W33=0,0,IF(U33=1,Q33,IF(U33=2,Q33+5,IF(U33=3,Q33+10,IF(U33=4,Q33+15, IF(U33>4,Q33+U33*4)))))), IF(W33=0,0,IF(U33=1,Q33,IF(U33=2,Q33+4,IF(U33=3,Q33+8,IF(U33>3,Q33+U33*3))))))
B34: P | H34: =CONCATENATE("Blue = Free Agent - Not signable")
B35: SS,MI | H35: White = Signable
B36: SS,MI | J36: =CONCATENATE("Keep ",M3+1,"?") | M36: 11th player contract -->> | W36: =Y36-$B$1 | Y36: =S36+U36 | AA36: =IF(S36>=2014, IF(W36=0,0,IF(U36=1,Q36,IF(U36=2,Q36+5,IF(U36=3,Q36+10,IF(U36=4,Q36+15, IF(U36>4,Q36+U36*4)))))), IF(W36=0,0,IF(U36=1,Q36,IF(U36=2,Q36+4,IF(U36=3,Q36+8,IF(U36>3,Q36+U36*3))))))
B37: DL 5 | G37: Drafted | I37: MLB
B38: Farm 1 | C38: Xavier Isaac | F38: 3 | G38: 2025 | I38: No
B39: Farm 2 | C39: Brock Wilken | F39: 3 | G39: 2024 | I39: No | M39: 12th player contract -->> | W39: =Y39-$B$1 | Y39: =S39+U39 | AA39: =IF(S39>=2014, IF(W39=0,0,IF(U39=1,Q39,IF(U39=2,Q39+5,IF(U39=3,Q39+10,IF(U39=4,Q39+15, IF(U39>4,Q39+U39*4)))))), IF(W39=0,0,IF(U39=1,Q39,IF(U39=2,Q39+4,IF(U39=3,Q39+8,IF(U39>3,Q39+U39*3))))))
B40: Farm 3 | C40: Emmanuel Rodriguez | F40: 4 | G40: 2023 | I40: No
B41: Farm 4 | C41: Adael Amador | F41: 6 | G41: 2023 | I41: Yes
B42: Farm 5 | M42: 13th player contract -->> | W42: =Y42-$B$1 | Y42: =S42+U42 | AA42: =IF(S42>=2014, IF(W42=0,0,IF(U42=1,Q42,IF(U42=2,Q42+5,IF(U42=3,Q42+10,IF(U42=4,Q42+15, IF(U42>4,Q42+U42*4)))))), IF(W42=0,0,IF(U42=1,Q42,IF(U42=2,Q42+4,IF(U42=3,Q42+8,IF(U42>3,Q42+U42*3))))))
B43: Farm 6
B44: Farm 7
B45: Farm 8 | M45: 14th player contract -->> | W45: =Y45-$B$1 | Y45: =S45+U45 | AA45: =IF(S45>=2014, IF(W45=0,0,IF(U45=1,Q45,IF(U45=2,Q45+5,IF(U45=3,Q45+10,IF(U45=4,Q45+15, IF(U45>4,Q45+U45*4)))))), IF(W45=0,0,IF(U45=1,Q45,IF(U45=2,Q45+4,IF(U45=3,Q45+8,IF(U45>3,Q45+U45*3))))))
B46: Farm 9
B47: Farm 10
B48: Farm 11 | M48: 15th player contract -->> | W48: =Y48-$B$1 | Y48: =S48+U48 | AA48: =IF(S48>=2014, IF(W48=0,0,IF(U48=1,Q48,IF(U48=2,Q48+5,IF(U48=3,Q48+10,IF(U48=4,Q48+15, IF(U48>4,Q48+U48*4)))))), IF(W48=0,0,IF(U48=1,Q48,IF(U48=2,Q48+4,IF(U48=3,Q48+8,IF(U48>3,Q48+U48*3))))))
B49: Farm 12
B50: Farm 13
B51: Farm 14
B52: Farm 15 | M52: Buyouts
B53: Farm 16
B54: Farm 17 | Q54: Orig. price | S54: Yr signed | U54: Yrs | W54: Yrs left | Y54: Final Yr | AA54: Orig. sign
B55: Farm 18 | M55: 1st dropped contract | O55: Cristian Javier | Q55: 0 | S55: 2022 | U55: 4 | W55: =Y55-$B$1 | Y55: =S55+U55 | AA55: =IF(S55>=2014, IF(W55=0,0,IF(U55=1,Q55,IF(U55=2,Q55+5,IF(U55=3,Q55+10,IF(U55=4,Q55+15, IF(U55>4,Q55+U55*4)))))), IF(W55=0,0,IF(U55=1,Q55,IF(U55=2,Q55+4,IF(U55=3,Q55+8,IF(U55>3,Q55+U55*3))))))
B56: Farm 19
B57: Farm 20 | M57: Year Dropped | O57: 2024 | P57: =CONCATENATE($M$3," Penalty % ") | U57: =(0.7-0.1*($M$3-(O57+1))) | V57: =CONCATENATE("Penalty in ",$M$3) | AA57: =IF(Y55>$B$1, ROUND(AA55*U57,0), 0)
F58: =$B$1+1 | G58: =$B$1+2 | I58: =$B$1+3 | J58: =$B$1+4 | M58: Contract Ends | O58: =Y55
B59: Buyout 1 | C59: =IF($AA$57>0,$O$55,"") | F59: =IF($AA$57>0,$AA$57,"") | G59: =IF($AA$57>0,$U$59,"") | I59: =IF($AA$57>0,$U$60,"") | J59: =IF($AA$57>0,$AA$59,"") | M59: Years Penalized | O59: =O58-O57 | Q59: =CONCATENATE("Penalty in ",$M$3+1) | U59: =IF(Y55>$M$3,ROUND(AA55*(U57-0.1),0),0) | W59: =CONCATENATE("Penalty in ",$M$3+3) | AA59: =IF(Y55>$M$3+2,ROUND(AG55*(AA58-0.1),0),0)
B60: Buyout 2 | C60: =IF($AA$64>0,$O$62,"") | F60: =IF($AA$64>0,$AA$64,"") | G60: =IF($AA$64>0,$U$66,"") | I60: =IF($AA$64>0,$U$67,"") | J60: =IF($AA$64>0,$AA$66,"") | Q60: =CONCATENATE("Penalty in ",$M$3+2) | U60: =IF(Y55>$M$3+1,ROUND(AA56*(U59-0.1),0),0) | W60: Total Penalty Left | AA60: =SUM(AA57+U59+U60+AA59)
B61: Buyout 3 | C61: =IF($AA$71>0,$O$69,"") | F61: =IF($AA$71>0,$AA$71,"") | G61: =IF($AA$71>0,$U$73,"") | I61: =IF($AA$71>0,$U$74,"") | J61: =IF($AA$71>0,$AA$73,"")
B62: Buyout 4 | C62: =IF($AA$78>0,$O$76,"") | F62: =IF($AA$78>0,$AA$78,"") | G62: =IF($AA$78>0,$U$80,"") | I62: =IF($AA$78>0,$U$81,"") | J62: =IF($AA$78>0,$AA$80,"") | M62: 2nd dropped contract | O62: Ian Happ | Q62: 16 | S62: 2024 | U62: 2 | W62: =Y62-$B$1 | Y62: =S62+U62 | AA62: =IF(U62=1,Q62,IF(U62=2,Q62+5,IF(U62=3,Q62+10,IF(U62>3,Q62+U62*3))))
B64: Missed IP Penalty | M64: Year Dropped | O64: 2025 | P64: =CONCATENATE($M$3," Penalty % ") | U64: =(0.7-0.1*($M$3-(O64+1))) | V64: =CONCATENATE("Penalty in ",$M$3) | AA64: =IF(Y62>$B$1, ROUND(AA62*U64,0), 0)
M65: Contract Ends | O65: =Y62
M66: Years Penalized | O66: =O65-O64 | Q66: =CONCATENATE("Penalty in ",$M$3+1) | U66: =IF(Y62>$M$3,ROUND(AA62*(U64-0.1),0),0) | W66: =CONCATENATE("Penalty in ",$M$3+3) | AA66: =IF(Y62>$M$3+2,ROUND(AG62*(AA65-0.1),0),0)
Q67: =CONCATENATE("Penalty in ",$M$3+2) | U67: =IF(Y62>$M$3+1,ROUND(AA63*(U66-0.1),0),0) | W67: Total Penalty Left | AA67: =SUM(AA64+U66+U67+AA66)
M69: 3rd dropped contract | W69: =Y69-$B$1 | Y69: =S69+U69 | AA69: =IF(U69=1,Q69,IF(U69=2,Q69+5,IF(U69=3,Q69+10,IF(U69>3,Q69+U69*3))))
M71: Year Dropped | P71: =CONCATENATE($M$3," Penalty % ") | U71: =(0.7-0.1*($M$3-(O71+1))) | V71: =CONCATENATE("Penalty in ",$M$3) | AA71: =IF(Y69>$B$1, ROUND(AA69*U71,0), 0)
M72: Contract Ends | O72: =Y69
M73: Years Penalized | O73: =O72-O71 | Q73: =CONCATENATE("Penalty in ",$M$3+1) | U73: =IF(Y69>$M$3,ROUND(AA69*(U71-0.1),0),0) | W73: =CONCATENATE("Penalty in ",$M$3+3) | AA73: =IF(Y69>$M$3+2,ROUND(AG69*(AA72-0.1),0),0)
Q74: =CONCATENATE("Penalty in ",$M$3+2) | U74: =IF(Y69>$M$3+1,ROUND(AA70*(U73-0.1),0),0) | W74: Total Penalty Left | AA74: =SUM(AA71+U73+U74+AA73)
M76: 4th dropped contract | W76: =Y76-$B$1 | Y76: =S76+U76 | AA76: =IF(U76=1,Q76,IF(U76=2,Q76+5,IF(U76=3,Q76+10,IF(U76>3,Q76+U76*3))))
M78: Year Dropped | P78: =CONCATENATE($M$3," Penalty % ") | U78: =(0.7-0.1*($M$3-(O78+1))) | V78: =CONCATENATE("Penalty in ",$M$3) | AA78: =IF(Y76>$B$1, ROUND(AA76*U78,0), 0)
M79: Contract Ends | O79: =Y76
M80: Years Penalized | O80: =O79-O78 | Q80: =CONCATENATE("Penalty in ",$M$3+1) | U80: =IF(Y76>$M$3,ROUND(AA76*(U78-0.1),0),0) | W80: =CONCATENATE("Penalty in ",$M$3+3) | AA80: =IF(Y76>$M$3+2,ROUND(AG76*(AA79-0.1),0),0)
Q81: =CONCATENATE("Penalty in ",$M$3+2) | U81: =IF(Y76>$M$3+1,ROUND(AA77*(U80-0.1),0),0) | W81: Total Penalty Left | AA81: =SUM(AA78+U80+U81+AA80)

Sheet CN (Nygaardians)
B1: 2025 | C1: FINAL Roster | H1: BUDGET INFO. | M1: =CONCATENATE("Chris Nygaard - Year",$B$1-2006," CONTRACT SHEET")
B3: 1B,3B,CI | H3: =CONCATENATE($B$1," Base Draft Budget") | K3: 400 | M3: 2025 | O3: Player | Q3: Original Price | S3: Year Signed | U3: # of Years | W3: Years Left | Y3: Final Year | AA3: Price per year
B4: 1B,3B,CI
B5: 1B,CI
B6: 1B,CI | M6: 1st player contract -->> | O6: Junior Caminero | Q6: 0 | S6: 2023 | U6: 7 | W6: =Y6-$B$1 | Y6: =S6+U6 | AA6: =IF(S6>=2014, IF(W6=0,0,IF(U6=1,Q6,IF(U6=2,Q6+5,IF(U6=3,Q6+10,IF(U6=4,Q6+15, IF(U6>4,Q6+U6*4)))))), IF(W6=0,0,IF(U6=1,Q6,IF(U6=2,Q6+4,IF(U6=3,Q6+8,IF(U6>3,Q6+U6*3))))))
B7: 1B,CI,OF
B8: 2B,MI | H8: =CONCATENATE("Starting ",$B$1+1," Draft Budget") | K8: =K3+K5
B9: 2B,MI,OF | M9: 2nd player contract -->> | O9: Shohei Ohtani | Q9: 111 | S9: 2024 | U9: 2 | W9: =Y9-$B$1 | Y9: =S9+U9 | AA9: =IF(S9>=2014, IF(W9=0,0,IF(U9=1,Q9,IF(U9=2,Q9+5,IF(U9=3,Q9+10,IF(U9=4,Q9+15, IF(U9>4,Q9+U9*4)))))), IF(W9=0,0,IF(U9=1,Q9,IF(U9=2,Q9+4,IF(U9=3,Q9+8,IF(U9>3,Q9+U9*3))))))
B10: 3B,CI
B11: 3B,SS,CI,MI
B12: 3B,SS,CI,MI | H12: Regular Contracts | K12: =SUM(AA6:AA49) | M12: 3rd player contract -->> | O12: Yainer Diaz | Q12: 0 | S12: 2023 | U12: 3 | W12: =Y12-$B$1 | Y12: =S12+U12 | AA12: =IF(S12>=2014, IF(W12=0,0,IF(U12=1,Q12,IF(U12=2,Q12+5,IF(U12=3,Q12+10,IF(U12=4,Q12+15, IF(U12>4,Q12+U12*4)))))), IF(W12=0,0,IF(U12=1,Q12,IF(U12=2,Q12+4,IF(U12=3,Q12+8,IF(U12>3,Q12+U12*3))))))
B13: C
B14: C | H14: Bad Contracts | K14: =SUM(AA57,AA64,AA71,AA78)
B15: OF | M15: 4th player contract -->> | O15: Xavier Edwards | Q15: 1 | S15: 2024 | U15: 2 | W15: =Y15-$B$1 | Y15: =S15+U15 | AA15: =IF(S15>=2014, IF(W15=0,0,IF(U15=1,Q15,IF(U15=2,Q15+5,IF(U15=3,Q15+10,IF(U15=4,Q15+15, IF(U15>4,Q15+U15*4)))))), IF(W15=0,0,IF(U15=1,Q15,IF(U15=2,Q15+4,IF(U15=3,Q15+8,IF(U15>3,Q15+U15*3))))))
B16: OF | H16: Farm Contracts | K16: =SUM(F38:F57)
B17: OF
B18: OF | H18: =CONCATENATE($B$1+1," Auction Budget acquired by trade (Offseason Only)") | K18: ='Draft budget calc'!E5 | M18: 5th player contract -->> | O18: Wyatt Langford | Q18: 2 | S18: 2024 | U18: 8 | W18: =Y18-$B$1 | Y18: =S18+U18 | AA18: =IF(S18>=2014, IF(W18=0,0,IF(U18=1,Q18,IF(U18=2,Q18+5,IF(U18=3,Q18+10,IF(U18=4,Q18+15, IF(U18>4,Q18+U18*4)))))), IF(W18=0,0,IF(U18=1,Q18,IF(U18=2,Q18+4,IF(U18=3,Q18+8,IF(U18>3,Q18+U18*3))))))
B19: OF
B20: OF
B21: P | H21: Min. IP Penalties | K21: =SUM(D66:E71) | M21: 6th player contract -->> | W21: =Y21-$B$1 | Y21: =S21+U21 | AA21: =IF(S21>=2014, IF(W21=0,0,IF(U21=1,Q21,IF(U21=2,Q21+5,IF(U21=3,Q21+10,IF(U21=4,Q21+15, IF(U21>4,Q21+U21*4)))))), IF(W21=0,0,IF(U21=1,Q21,IF(U21=2,Q21+4,IF(U21=3,Q21+8,IF(U21>3,Q21+U21*3))))))
B22: P
B23: P | H23: =CONCATENATE($B$1+1," Draft Budget Spent") | K23: =SUM(K12,K14,K16,K21,-K18)
B24: P | M24: 7th player contract -->> | W24: =Y24-$B$1 | Y24: =S24+U24 | AA24: =IF(S24>=2014, IF(W24=0,0,IF(U24=1,Q24,IF(U24=2,Q24+5,IF(U24=3,Q24+10,IF(U24=4,Q24+15, IF(U24>4,Q24+U24*4)))))), IF(W24=0,0,IF(U24=1,Q24,IF(U24=2,Q24+4,IF(U24=3,Q24+8,IF(U24>3,Q24+U24*3))))))
B25: P
B26: P
B27: P | H27: =CONCATENATE("Remaining ",$B$1+1," Auction Budget") | K27: =K8-K23 | M27: 8th player contract -->> | W27: =Y27-$B$1 | Y27: =S27+U27 | AA27: =IF(S27>=2014, IF(W27=0,0,IF(U27=1,Q27,IF(U27=2,Q27+5,IF(U27=3,Q27+10,IF(U27=4,Q27+15, IF(U27>4,Q27+U27*4)))))), IF(W27=0,0,IF(U27=1,Q27,IF(U27=2,Q27+4,IF(U27=3,Q27+8,IF(U27>3,Q27+U27*3))))))
B28: P
B29: P
B30: P | M30: 9th player contract -->> | W30: =Y30-$B$1 | Y30: =S30+U30 | AA30: =IF(S30>=2014, IF(W30=0,0,IF(U30=1,Q30,IF(U30=2,Q30+5,IF(U30=3,Q30+10,IF(U30=4,Q30+15, IF(U30>4,Q30+U30*4)))))), IF(W30=0,0,IF(U30=1,Q30,IF(U30=2,Q30+4,IF(U30=3,Q30+8,IF(U30>3,Q30+U30*3))))))
B31: P | H31: Roster Key
B32: P
B33: P | H33: Red = Under contract | M33: 10th player contract -->> | W33: =Y33-$B$1 | Y33: =S33+U33 | AA33: =IF(S33>=2014, IF(W33=0,0,IF(U33=1,Q33,IF(U33=2,Q33+5,IF(U33=3,Q33+10,IF(U33=4,Q33+15, IF(U33>4,Q33+U33*4)))))), IF(W33=0,0,IF(U33=1,Q33,IF(U33=2,Q33+4,IF(U33=3,Q33+8,IF(U33>3,Q33+U33*3))))))
B34: P | H34: =CONCATENATE("Blue = Free Agent - Not signable")
B35: P | H35: White = Signable
B36: DL 4 | J36: =CONCATENATE("Keep ",M3+1,"?") | M36: 11th player contract -->> | W36: =Y36-$B$1 | Y36: =S36+U36 | AA36: =IF(S36>=2014, IF(W36=0,0,IF(U36=1,Q36,IF(U36=2,Q36+5,IF(U36=3,Q36+10,IF(U36=4,Q36+15, IF(U36>4,Q36+U36*4)))))), IF(W36=0,0,IF(U36=1,Q36,IF(U36=2,Q36+4,IF(U36=3,Q36+8,IF(U36>3,Q36+U36*3))))))
B37: DL 5 | G37: Drafted | I37: MLB
B38: Farm 1 | C38: Nick Gonzales | F38: 9 | G38: 2021 | I38: Yes
B39: Farm 2 | C39: Termarr Johnson | F39: 5 | G39: 2022 | I39: No | M39: 12th player contract -->> | W39: =Y39-$B$1 | Y39: =S39+U39 | AA39: =IF(S39>=2014, IF(W39=0,0,IF(U39=1,Q39,IF(U39=2,Q39+5,IF(U39=3,Q39+10,IF(U39=4,Q39+15, IF(U39>4,Q39+U39*4)))))), IF(W39=0,0,IF(U39=1,Q39,IF(U39=2,Q39+4,IF(U39=3,Q39+8,IF(U39>3,Q39+U39*3))))))
B40: Farm 3 | C40: Brady House | F40: 6 | G40: 2022 | I40: Yes
B41: Farm 4 | C41: Jordan Lawlar | F41: 8 | G41: 2022 | I41: Yes
B42: Farm 5 | M42: 13th player contract -->> | W42: =Y42-$B$1 | Y42: =S42+U42 | AA42: =IF(S42>=2014, IF(W42=0,0,IF(U42=1,Q42,IF(U42=2,Q42+5,IF(U42=3,Q42+10,IF(U42=4,Q42+15, IF(U42>4,Q42+U42*4)))))), IF(W42=0,0,IF(U42=1,Q42,IF(U42=2,Q42+4,IF(U42=3,Q42+8,IF(U42>3,Q42+U42*3))))))
B43: Farm 6
B44: Farm 7
B45: Farm 8 | M45: 14th player contract -->> | W45: =Y45-$B$1 | Y45: =S45+U45 | AA45: =IF(S45>=2014, IF(W45=0,0,IF(U45=1,Q45,IF(U45=2,Q45+5,IF(U45=3,Q45+10,IF(U45=4,Q45+15, IF(U45>4,Q45+U45*4)))))), IF(W45=0,0,IF(U45=1,Q45,IF(U45=2,Q45+4,IF(U45=3,Q45+8,IF(U45>3,Q45+U45*3))))))
B46: Farm 9
B47: Farm 10
B48: Farm 11 | M48: 15th player contract -->> | W48: =Y48-$B$1 | Y48: =S48+U48 | AA48: =IF(S48>=2014, IF(W48=0,0,IF(U48=1,Q48,IF(U48=2,Q48+5,IF(U48=3,Q48+10,IF(U48=4,Q48+15, IF(U48>4,Q48+U48*4)))))), IF(W48=0,0,IF(U48=1,Q48,IF(U48=2,Q48+4,IF(U48=3,Q48+8,IF(U48>3,Q48+U48*3))))))
B49: Farm 12
B50: Farm 13
B51: Farm 14
B52: Farm 15 | M52: Buyouts
B53: Farm 16
B54: Farm 17 | Q54: Orig. price | S54: Yr signed | U54: Yrs | W54: Yrs left | Y54: Final Yr | AA54: Orig. sign
B55: Farm 18 | M55: 1st dropped contract | O55: Vaughn Grissom | Q55: 0 | S55: 2023 | U55: 3 | W55: =Y55-$B$1 | Y55: =S55+U55 | AA55: =IF(S55>=2014, IF(W55=0,0,IF(U55=1,Q55,IF(U55=2,Q55+5,IF(U55=3,Q55+10,IF(U55=4,Q55+15, IF(U55>4,Q55+U55*4)))))), IF(W55=0,0,IF(U55=1,Q55,IF(U55=2,Q55+4,IF(U55=3,Q55+8,IF(U55>3,Q55+U55*3))))))
B56: Farm 19
B57: Farm 20 | M57: Year Dropped | O57: 2024 | P57: =CONCATENATE($M$3," Penalty % ") | U57: =(0.7-0.1*($M$3-(O57+1))) | V57: =CONCATENATE("Penalty in ",$M$3) | AA57: =IF(Y55>$B$1, ROUND(AA55*U57,0), 0)
F58: =$B$1+1 | G58: =$B$1+2 | I58: =$B$1+3 | J58: =$B$1+4 | M58: Contract Ends | O58: =Y55
B59: Buyout 1 | C59: =IF($AA$57>0,$O$55,"") | F59: =IF($AA$57>0,$AA$57,"") | G59: =IF($AA$57>0,$U$59,"") | I59: =IF($AA$57>0,$U$60,"") | J59: =IF($AA$57>0,$AA$59,"") | M59: Years Penalized | O59: =O58-O57 | Q59: =CONCATENATE("Penalty in ",$M$3+1) | U59: =IF(Y55>$M$3,ROUND(AA55*(U57-0.1),0),0) | W59: =CONCATENATE("Penalty in ",$M$3+3) | AA59: =IF(Y55>$M$3+2,ROUND(AG55*(AA58-0.1),0),0)
B60: Buyout 2 | C60: =IF($AA$64>0,$O$62,"") | F60: =IF($AA$64>0,$AA$64,"") | G60: =IF($AA$64>0,$U$66,"") | I60: =IF($AA$64>0,$U$67,"") | J60: =IF($AA$64>0,$AA$66,"") | Q60: =CONCATENATE("Penalty in ",$M$3+2) | U60: =IF(Y55>$M$3+1,ROUND(AA56*(U59-0.1),0),0) | W60: Total Penalty Left | AA60: =SUM(AA57+U59+U60+AA59)
B61: Buyout 3 | C61: =IF($AA$71>0,$O$69,"") | F61: =IF($AA$71>0,$AA$71,"") | G61: =IF($AA$71>0,$U$73,"") | I61: =IF($AA$71>0,$U$74,"") | J61: =IF($AA$71>0,$AA$73,"")
B62: Buyout 4 | C62: =IF($AA$78>0,$O$76,"") | F62: =IF($AA$78>0,$AA$78,"") | G62: =IF($AA$78>0,$U$80,"") | I62: =IF($AA$78>0,$U$81,"") | J62: =IF($AA$78>0,$AA$80,"") | M62: 2nd dropped contract | W62: =Y62-$B$1 | Y62: =S62+U62 | AA62: =IF(S62>=2014, IF(W62=0,0,IF(U62=1,Q62,IF(U62=2,Q62+5,IF(U62=3,Q62+10,IF(U62=4,Q62+15, IF(U62>4,Q62+U62*4)))))), IF(W62=0,0,IF(U62=1,Q62,IF(U62=2,Q62+4,IF(U62=3,Q62+8,IF(U62>3,Q62+U62*3))))))
B64: Missed IP Penalty | M64: Year Dropped | P64: =CONCATENATE($M$3," Penalty % ") | U64: =(0.7-0.1*($M$3-(O64+1))) | V64: =CONCATENATE("Penalty in ",$M$3) | AA64: =IF(Y62>$B$1, ROUND(AA62*U64,0), 0)
M65: Contract Ends | O65: =Y62
M66: Years Penalized | O66: =O65-O64 | Q66: =CONCATENATE("Penalty in ",$M$3+1) | U66: =IF(Y62>$M$3,ROUND(AA62*(U64-0.1),0),0) | W66: =CONCATENATE("Penalty in ",$M$3+3) | AA66: =IF(Y62>$M$3+2,ROUND(AG62*(AA65-0.1),0),0)
Q67: =CONCATENATE("Penalty in ",$M$3+2) | U67: =IF(Y62>$M$3+1,ROUND(AA63*(U66-0.1),0),0) | W67: Total Penalty Left | AA67: =SUM(AA64+U66+U67+AA66)
M69: 3rd dropped contract | W69: =Y69-$B$1 | Y69: =S69+U69 | AA69: =IF(S69>=2014, IF(W69=0,0,IF(U69=1,Q69,IF(U69=2,Q69+5,IF(U69=3,Q69+10,IF(U69=4,Q69+15, IF(U69>4,Q69+U69*4)))))), IF(W69=0,0,IF(U69=1,Q69,IF(U69=2,Q69+4,IF(U69=3,Q69+8,IF(U69>3,Q69+U69*3))))))
M71: Year Dropped | P71: =CONCATENATE($M$3," Penalty % ") | U71: =(0.7-0.1*($M$3-(O71+1))) | V71: =CONCATENATE("Penalty in ",$M$3) | AA71: =IF(Y69>$B$1, ROUND(AA69*U71,0), 0)
M72: Contract Ends | O72: =Y69
M73: Years Penalized | O73: =O72-O71 | Q73: =CONCATENATE("Penalty in ",$M$3+1) | U73: =IF(Y69>$M$3,ROUND(AA69*(U71-0.1),0),0) | W73: =CONCATENATE("Penalty in ",$M$3+3) | AA73: =IF(Y69>$M$3+2,ROUND(AG69*(AA72-0.1),0),0)
Q74: =CONCATENATE("Penalty in ",$M$3+2) | U74: =IF(Y69>$M$3+1,ROUND(AA70*(U73-0.1),0),0) | W74: Total Penalty Left | AA74: =SUM(AA71+U73+U74+AA73)
B76: 2021 Farm Picks: none | M76: 4th dropped contract | W76: =Y76-$B$1 | Y76: =S76+U76 | AA76: =IF(S76>=2014, IF(W76=0,0,IF(U76=1,Q76,IF(U76=2,Q76+5,IF(U76=3,Q76+10,IF(U76=4,Q76+15, IF(U76>4,Q76+U76*4)))))), IF(W76=0,0,IF(U76=1,Q76,IF(U76=2,Q76+4,IF(U76=3,Q76+8,IF(U76>3,Q76+U76*3))))))
M78: Year Dropped | P78: =CONCATENATE($M$3," Penalty % ") | U78: =(0.7-0.1*($M$3-(O78+1))) | V78: =CONCATENATE("Penalty in ",$M$3) | AA78: =IF(Y76>$B$1, ROUND(AA76*U78,0), 0)
M79: Contract Ends | O79: =Y76
M80: Years Penalized | O80: =O79-O78 | Q80: =CONCATENATE("Penalty in ",$M$3+1) | U80: =IF(Y76>$M$3,ROUND(AA76*(U78-0.1),0),0) | W80: =CONCATENATE("Penalty in ",$M$3+3) | AA80: =IF(Y76>$M$3+2,ROUND(AG76*(AA79-0.1),0),0)
Q81: =CONCATENATE("Penalty in ",$M$3+2) | U81: =IF(Y76>$M$3+1,ROUND(AA77*(U80-0.1),0),0) | W81: Total Penalty Left | AA81: =SUM(AA78+U80+U81+AA80)

Sheet CS (Shag Dawgs)
B1: 2025 | C1: FINAL Roster | H1: BUDGET INFO. | M1: =CONCATENATE("Chris Santamassino - Year",$B$1-2006," CONTRACT SHEET") | AC1: Shag Dogs
B3: 1B,2B,3B,CI,MI,OF | H3: =CONCATENATE($B$1," Base Draft Budget") | K3: 400 | M3: 2025 | O3: Player | Q3: Original Price | S3: Year Signed | U3: # of Years | W3: Years Left | Y3: Final Year | AA3: Price per year
B4: 1B,CI
B5: 1B,CI,OF
B6: 1B,CI,OF | M6: 1st player contract -->> | O6: Jazz Chisholm Jr. | Q6: 8 | S6: 2023 | U6: 4 | W6: =Y6-$B$1 | Y6: =S6+U6 | AA6: =IF(S6>=2014, IF(W6=0,0,IF(U6=1,Q6,IF(U6=2,Q6+5,IF(U6=3,Q6+10,IF(U6=4,Q6+15, IF(U6>4,Q6+U6*4)))))), IF(W6=0,0,IF(U6=1,Q6,IF(U6=2,Q6+4,IF(U6=3,Q6+8,IF(U6>3,Q6+U6*3))))))
B7: 2B,3B,CI,MI
B8: 2B,3B,SS,CI,MI | H8: =CONCATENATE("Starting ",$B$1+1," Draft Budget") | K8: =K3+K5
B9: 2B,MI | M9: 2nd player contract -->> | O9: Joe Ryan | Q9: 1 | S9: 2023 | U9: 3 | W9: =Y9-$B$1 | Y9: =S9+U9 | AA9: =IF(S9>=2014, IF(W9=0,0,IF(U9=1,Q9,IF(U9=2,Q9+5,IF(U9=3,Q9+10,IF(U9=4,Q9+15, IF(U9>4,Q9+U9*4)))))), IF(W9=0,0,IF(U9=1,Q9,IF(U9=2,Q9+4,IF(U9=3,Q9+8,IF(U9>3,Q9+U9*3))))))
B10: C
B11: C,1B,CI
B12: OF | H12: Regular Contracts | K12: =SUM(AA6:AA49) | M12: 3rd player contract -->> | O12: Brenton Doyle | Q12: 1 | S12: 2024 | U12: 3 | W12: =Y12-$B$1 | Y12: =S12+U12 | AA12: =IF(S12>=2014, IF(W12=0,0,IF(U12=1,Q12,IF(U12=2,Q12+5,IF(U12=3,Q12+10,IF(U12=4,Q12+15, IF(U12>4,Q12+U12*4)))))), IF(W12=0,0,IF(U12=1,Q12,IF(U12=2,Q12+4,IF(U12=3,Q12+8,IF(U12>3,Q12+U12*3))))))
B13: OF
B14: OF | H14: Bad Contracts | K14: =SUM(AA57,AA64,AA71,AA78)
B15: OF | M15: 4th player contract -->> | O15: Garrett Crochet | Q15: 0 | S15: 2024 | U15: 4 | W15: =Y15-$B$1 | Y15: =S15+U15 | AA15: =IF(S15>=2014, IF(W15=0,0,IF(U15=1,Q15,IF(U15=2,Q15+5,IF(U15=3,Q15+10,IF(U15=4,Q15+15, IF(U15>4,Q15+U15*4)))))), IF(W15=0,0,IF(U15=1,Q15,IF(U15=2,Q15+4,IF(U15=3,Q15+8,IF(U15>3,Q15+U15*3))))))
B16: P | H16: Farm Contracts | K16: =SUM(F38:F57)
B17: P
B18: P | H18: =CONCATENATE($B$1+1," Auction Budget acquired by trade (Offseason Only)") | K18: ='Draft budget calc'!E6 | M18: 5th player contract -->> | W18: =Y18-$B$1 | Y18: =S18+U18 | AA18: =IF(S18>=2014, IF(W18=0,0,IF(U18=1,Q18,IF(U18=2,Q18+5,IF(U18=3,Q18+10,IF(U18=4,Q18+15, IF(U18>4,Q18+U18*4)))))), IF(W18=0,0,IF(U18=1,Q18,IF(U18=2,Q18+4,IF(U18=3,Q18+8,IF(U18>3,Q18+U18*3))))))
B19: P
B20: P
B21: P | H21: Min. IP Penalties | K21: =SUM(D66:E71) | M21: 6th player contract -->> | W21: =Y21-$B$1 | Y21: =S21+U21 | AA21: =IF(S21>=2014, IF(W21=0,0,IF(U21=1,Q21,IF(U21=2,Q21+5,IF(U21=3,Q21+10,IF(U21=4,Q21+15, IF(U21>4,Q21+U21*4)))))), IF(W21=0,0,IF(U21=1,Q21,IF(U21=2,Q21+4,IF(U21=3,Q21+8,IF(U21>3,Q21+U21*3))))))
B22: P
B23: P | H23: =CONCATENATE($B$1+1," Draft Budget Spent") | K23: =SUM(K12,K14,K16,K21,-K18)
B24: P | M24: 7th player contract -->> | W24: =Y24-$B$1 | Y24: =S24+U24 | AA24: =IF(S24>=2014, IF(W24=0,0,IF(U24=1,Q24,IF(U24=2,Q24+5,IF(U24=3,Q24+10,IF(U24=4,Q24+15, IF(U24>4,Q24+U24*4)))))), IF(W24=0,0,IF(U24=1,Q24,IF(U24=2,Q24+4,IF(U24=3,Q24+8,IF(U24>3,Q24+U24*3))))))
B25: P
B26: P
B27: P | H27: =CONCATENATE("Remaining ",$B$1+1," Auction Budget") | K27: =K8-K23 | M27: 8th player contract -->> | W27: =Y27-$B$1 | Y27: =S27+U27 | AA27: =IF(S27>=2014, IF(W27=0,0,IF(U27=1,Q27,IF(U27=2,Q27+5,IF(U27=3,Q27+10,IF(U27=4,Q27+15, IF(U27>4,Q27+U27*4)))))), IF(W27=0,0,IF(U27=1,Q27,IF(U27=2,Q27+4,IF(U27=3,Q27+8,IF(U27>3,Q27+U27*3))))))
B28: P
B29: P
B30: SS,MI | M30: 9th player contract -->> | W30: =Y30-$B$1 | Y30: =S30+U30 | AA30: =IF(S30>=2014, IF(W30=0,0,IF(U30=1,Q30,IF(U30=2,Q30+5,IF(U30=3,Q30+10,IF(U30=4,Q30+15, IF(U30>4,Q30+U30*4)))))), IF(W30=0,0,IF(U30=1,Q30,IF(U30=2,Q30+4,IF(U30=3,Q30+8,IF(U30>3,Q30+U30*3))))))
B31: SS,MI | H31: Roster Key
B32: SS,MI
B33: DL 1 | H33: Red = Under contract | M33: 10th player contract -->> | W33: =Y33-$B$1 | Y33: =S33+U33 | AA33: =IF(S33>=2014, IF(W33=0,0,IF(U33=1,Q33,IF(U33=2,Q33+5,IF(U33=3,Q33+10,IF(U33=4,Q33+15, IF(U33>4,Q33+U33*4)))))), IF(W33=0,0,IF(U33=1,Q33,IF(U33=2,Q33+4,IF(U33=3,Q33+8,IF(U33>3,Q33+U33*3))))))
B34: DL 2 | H34: =CONCATENATE("Blue = Free Agent - Not signable")
B35: DL 3 | H35: White = Signable
B36: DL 4 | J36: =CONCATENATE("Keep ",M3+1,"?") | M36: 11th player contract -->> | W36: =Y36-$B$1 | Y36: =S36+U36 | AA36: =IF(S36>=2014, IF(W36=0,0,IF(U36=1,Q36,IF(U36=2,Q36+5,IF(U36=3,Q36+10,IF(U36=4,Q36+15, IF(U36>4,Q36+U36*4)))))), IF(W36=0,0,IF(U36=1,Q36,IF(U36=2,Q36+4,IF(U36=3,Q36+8,IF(U36>3,Q36+U36*3))))))
B37: DL 5 | G37: Drafted | I37: MLB
B38: Farm 1 | C38: Jack Leiter | F38: 7 | G38: 2022 | I38: Yes
B39: Farm 2 | M39: 12th player contract -->> | W39: =Y39-$B$1 | Y39: =S39+U39 | AA39: =IF(S39>=2014, IF(W39=0,0,IF(U39=1,Q39,IF(U39=2,Q39+5,IF(U39=3,Q39+10,IF(U39=4,Q39+15, IF(U39>4,Q39+U39*4)))))), IF(W39=0,0,IF(U39=1,Q39,IF(U39=2,Q39+4,IF(U39=3,Q39+8,IF(U39>3,Q39+U39*3))))))
B40: Farm 3
B41: Farm 4
B42: Farm 5 | M42: 13th player contract -->> | W42: =Y42-$B$1 | Y42: =S42+U42 | AA42: =IF(S42>=2014, IF(W42=0,0,IF(U42=1,Q42,IF(U42=2,Q42+5,IF(U42=3,Q42+10,IF(U42=4,Q42+15, IF(U42>4,Q42+U42*4)))))), IF(W42=0,0,IF(U42=1,Q42,IF(U42=2,Q42+4,IF(U42=3,Q42+8,IF(U42>3,Q42+U42*3))))))
B43: Farm 6
B44: Farm 7
B45: Farm 8 | M45: 14th player contract -->> | W45: =Y45-$B$1 | Y45: =S45+U45 | AA45: =IF(S45>=2014, IF(W45=0,0,IF(U45=1,Q45,IF(U45=2,Q45+5,IF(U45=3,Q45+10,IF(U45=4,Q45+15, IF(U45>4,Q45+U45*4)))))), IF(W45=0,0,IF(U45=1,Q45,IF(U45=2,Q45+4,IF(U45=3,Q45+8,IF(U45>3,Q45+U45*3))))))
B46: Farm 9
B47: Farm 10
B48: Farm 11 | M48: 15th player contract -->> | W48: =Y48-$B$1 | Y48: =S48+U48 | AA48: =IF(S48>=2014, IF(W48=0,0,IF(U48=1,Q48,IF(U48=2,Q48+5,IF(U48=3,Q48+10,IF(U48=4,Q48+15, IF(U48>4,Q48+U48*4)))))), IF(W48=0,0,IF(U48=1,Q48,IF(U48=2,Q48+4,IF(U48=3,Q48+8,IF(U48>3,Q48+U48*3))))))
B49: Farm 12
B50: Farm 13
B51: Farm 14
B52: Farm 15 | M52: Buyouts
B53: Farm 16
B54: Farm 17 | Q54: Orig. price | S54: Yr signed | U54: Yrs | W54: Yrs left | Y54: Final Yr | AA54: Orig. sign
B55: Farm 18 | M55: 1st dropped contract | O55: Ryan Walker | Q55: 0 | S55: 2024 | U55: 2 | W55: =Y55-$B$1 | Y55: =S55+U55 | AA55: =IF(S55>=2014, IF(W55=0,0,IF(U55=1,Q55,IF(U55=2,Q55+5,IF(U55=3,Q55+10,IF(U55=4,Q55+15, IF(U55>4,Q55+U55*4)))))), IF(W55=0,0,IF(U55=1,Q55,IF(U55=2,Q55+4,IF(U55=3,Q55+8,IF(U55>3,Q55+U55*3))))))
B56: Farm 19
B57: Farm 20 | M57: Year Dropped | O57: 2025 | P57: =CONCATENATE($M$3," Penalty % ") | U57: =(0.7-0.1*($M$3-(O57+1))) | V57: =CONCATENATE("Penalty in ",$M$3) | AA57: =IF(Y55>$B$1, ROUND(AA55*U57,0), 0)
F58: =$B$1+1 | G58: =$B$1+2 | I58: =$B$1+3 | J58: =$B$1+4 | M58: Contract Ends | O58: =Y55
B59: Buyout 1 | C59: =IF($AA$57>0,$O$55,"") | F59: =IF($AA$57>0,$AA$57,"") | G59: =IF($AA$57>0,$U$59,"") | I59: =IF($AA$57>0,$U$60,"") | J59: =IF($AA$57>0,$AA$59,"") | M59: Years Penalized | O59: =O58-O57 | Q59: =CONCATENATE("Penalty in ",$M$3+1) | U59: =IF(Y55>$M$3,ROUND(AA55*(U57-0.1),0),0) | W59: =CONCATENATE("Penalty in ",$M$3+3) | AA59: =IF(Y55>$M$3+2,ROUND(AG55*(AA58-0.1),0),0)
B60: Buyout 2 | C60: =IF($AA$64>0,$O$62,"") | F60: =IF($AA$64>0,$AA$64,"") | G60: =IF($AA$64>0,$U$66,"") | I60: =IF($AA$64>0,$U$67,"") | J60: =IF($AA$64>0,$AA$66,"") | Q60: =CONCATENATE("Penalty in ",$M$3+2) | U60: =IF(Y55>$M$3+1,ROUND(AA56*(U59-0.1),0),0) | W60: Total Penalty Left | AA60: =SUM(AA57+U59+U60+AA59)
B61: Buyout 3 | C61: =IF($AA$71>0,$O$69,"") | F61: =IF($AA$71>0,$AA$71,"") | G61: =IF($AA$71>0,$U$73,"") | I61: =IF($AA$71>0,$U$74,"") | J61: =IF($AA$71>0,$AA$73,"")
B62: Buyout 4 | C62: =IF($AA$78>0,$O$76,"") | F62: =IF($AA$78>0,$AA$78,"") | G62: =IF($AA$78>0,$U$80,"") | I62: =IF($AA$78>0,$U$81,"") | J62: =IF($AA$78>0,$AA$80,"") | M62: 2nd dropped contract | W62: =Y62-$B$1 | Y62: =S62+U62 | AA62: =IF(S62>=2014, IF(W62=0,0,IF(U62=1,Q62,IF(U62=2,Q62+5,IF(U62=3,Q62+10,IF(U62=4,Q62+15, IF(U62>4,Q62+U62*4)))))), IF(W62=0,0,IF(U62=1,Q62,IF(U62=2,Q62+4,IF(U62=3,Q62+8,IF(U62>3,Q62+U62*3))))))
B64: Missed IP Penalty | M64: Year Dropped | P64: =CONCATENATE($M$3," Penalty % ") | U64: =(0.7-0.1*($M$3-(O64+1))) | V64: =CONCATENATE("Penalty in ",$M$3) | AA64: =IF(Y62>$B$1, ROUND(AA62*U64,0), 0)
M65: Contract Ends | O65: =Y62
M66: Years Penalized | O66: =O65-O64 | Q66: =CONCATENATE("Penalty in ",$M$3+1) | U66: =IF(Y62>$M$3,ROUND(AA62*(U64-0.1),0),0) | W66: =CONCATENATE("Penalty in ",$M$3+3) | AA66: =IF(Y62>$M$3+2,ROUND(AG62*(AA65-0.1),0),0)
Q67: =CONCATENATE("Penalty in ",$M$3+2) | U67: =IF(Y62>$M$3+1,ROUND(AA63*(U66-0.1),0),0) | W67: Total Penalty Left | AA67: =SUM(AA64+U66+U67+AA66)
M69: 3rd dropped contract | W69: =Y69-$B$1 | Y69: =S69+U69 | AA69: =IF(S69>=2014, IF(W69=0,0,IF(U69=1,Q69,IF(U69=2,Q69+5,IF(U69=3,Q69+10,IF(U69=4,Q69+15, IF(U69>4,Q69+U69*4)))))), IF(W69=0,0,IF(U69=1,Q69,IF(U69=2,Q69+4,IF(U69=3,Q69+8,IF(U69>3,Q69+U69*3))))))
M71: Year Dropped | P71: =CONCATENATE($M$3," Penalty % ") | U71: =(0.7-0.1*($M$3-(O71+1))) | V71: =CONCATENATE("Penalty in ",$M$3) | AA71: =IF(Y69>$B$1, ROUND(AA69*U71,0), 0)
M72: Contract Ends | O72: =Y69
M73: Years Penalized | O73: =O72-O71 | Q73: =CONCATENATE("Penalty in ",$M$3+1) | U73: =IF(Y69>$M$3,ROUND(AA69*(U71-0.1),0),0) | W73: =CONCATENATE("Penalty in ",$M$3+3) | AA73: =IF(Y69>$M$3+2,ROUND(AG69*(AA72-0.1),0),0)
Q74: =CONCATENATE("Penalty in ",$M$3+2) | U74: =IF(Y69>$M$3+1,ROUND(AA70*(U73-0.1),0),0) | W74: Total Penalty Left | AA74: =SUM(AA71+U73+U74+AA73)
M76: 4th dropped contract | W76: =Y76-$B$1 | Y76: =S76+U76 | AA76: =IF(S76>=2014, IF(W76=0,0,IF(U76=1,Q76,IF(U76=2,Q76+5,IF(U76=3,Q76+10,IF(U76=4,Q76+15, IF(U76>4,Q76+U76*4)))))), IF(W76=0,0,IF(U76=1,Q76,IF(U76=2,Q76+4,IF(U76=3,Q76+8,IF(U76>3,Q76+U76*3))))))
M78: Year Dropped | P78: =CONCATENATE($M$3," Penalty % ") | U78: =(0.7-0.1*($M$3-(O78+1))) | V78: =CONCATENATE("Penalty in ",$M$3) | AA78: =IF(Y76>$B$1, ROUND(AA76*U78,0), 0)
M79: Contract Ends | O79: =Y76
M80: Years Penalized | O80: =O79-O78 | Q80: =CONCATENATE("Penalty in ",$M$3+1) | U80: =IF(Y76>$M$3,ROUND(AA76*(U78-0.1),0),0) | W80: =CONCATENATE("Penalty in ",$M$3+3) | AA80: =IF(Y76>$M$3+2,ROUND(AG76*(AA79-0.1),0),0)
Q81: =CONCATENATE("Penalty in ",$M$3+2) | U81: =IF(Y76>$M$3+1,ROUND(AA77*(U80-0.1),0),0) | W81: Total Penalty Left | AA81: =SUM(AA78+U80+U81+AA80)

Sheet DC (Cliff Lee Was Here)
B1: 2025 | C1: FINAL Roster | H1: BUDGET INFO. | M1: =CONCATENATE("Devin Cohen - Year",$B$1-2006," CONTRACT SHEET")
B3: 1B,2B,3B,CI,MI | H3: =CONCATENATE($B$1," Base Draft Budget") | K3: 400 | M3: 2025 | O3: Player | Q3: Original Price | S3: Year Signed | U3: # of Years | W3: Years Left | Y3: Final Year | AA3: Price per year
B4: 1B,CI,OF
B5: 1B,CI,OF
B6: 1B,CI,OF | M6: 1st player contract -->> | O6: Triston Casas | Q6: 4 | S6: 2023 | U6: 3 | W6: =Y6-$B$1 | Y6: =S6+U6 | AA6: =IF(S6>=2014, IF(W6=0,0,IF(U6=1,Q6,IF(U6=2,Q6+5,IF(U6=3,Q6+10,IF(U6=4,Q6+15, IF(U6>4,Q6+U6*4)))))), IF(W6=0,0,IF(U6=1,Q6,IF(U6=2,Q6+4,IF(U6=3,Q6+8,IF(U6>3,Q6+U6*3))))))
B7: 2B,MI
B8: 2B,SS,MI | H8: =CONCATENATE("Starting ",$B$1+1," Draft Budget") | K8: =K3+K5
B9: 3B,CI,OF | M9: 2nd player contract -->> | O9: Francisco Alvarez | Q9: 6 | S9: 2024 | T9: 3 | U9: 2 | W9: =Y9-$B$1 | Y9: =S9+U9 | AA9: =IF(S9>=2014, IF(W9=0,0,IF(U9=1,Q9,IF(U9=2,Q9+5,IF(U9=3,Q9+10,IF(U9=4,Q9+15, IF(U9>4,Q9+U9*4)))))), IF(W9=0,0,IF(U9=1,Q9,IF(U9=2,Q9+4,IF(U9=3,Q9+8,IF(U9>3,Q9+U9*3))))))
B10: C
B11: C
B12: OF | H12: Regular Contracts | K12: =SUM(AA6:AA49) | M12: 3rd player contract -->> | O12: CJ Abrams | Q12: 7 | S12: 2024 | U12: 4 | W12: =Y12-$B$1 | Y12: =S12+U12 | AA12: =IF(S12>=2014, IF(W12=0,0,IF(U12=1,Q12,IF(U12=2,Q12+5,IF(U12=3,Q12+10,IF(U12=4,Q12+15, IF(U12>4,Q12+U12*4)))))), IF(W12=0,0,IF(U12=1,Q12,IF(U12=2,Q12+4,IF(U12=3,Q12+8,IF(U12>3,Q12+U12*3))))))
B13: OF
B14: OF | H14: Bad Contracts | K14: =SUM(AA57,AA64,AA71,AA78)
B15: OF | M15: 4th player contract -->> | O15: Shota Imanaga | Q15: 1 | S15: 2024 | U15: 2 | W15: =Y15-$B$1 | Y15: =S15+U15 | AA15: =IF(S15>=2014, IF(W15=0,0,IF(U15=1,Q15,IF(U15=2,Q15+5,IF(U15=3,Q15+10,IF(U15=4,Q15+15, IF(U15>4,Q15+U15*4)))))), IF(W15=0,0,IF(U15=1,Q15,IF(U15=2,Q15+4,IF(U15=3,Q15+8,IF(U15>3,Q15+U15*3))))))
B16: OF | H16: Farm Contracts | K16: =SUM(F39:F57)
B17: OF
B18: P | H18: =CONCATENATE($B$1+1," Auction Budget acquired by trade (Offseason Only)") | K18: ='Draft budget calc'!E7 | M18: 5th player contract -->> | W18: =Y18-$B$1 | Y18: =S18+U18 | AA18: =IF(S18>=2014, IF(W18=0,0,IF(U18=1,Q18,IF(U18=2,Q18+5,IF(U18=3,Q18+10,IF(U18=4,Q18+15, IF(U18>4,Q18+U18*4)))))), IF(W18=0,0,IF(U18=1,Q18,IF(U18=2,Q18+4,IF(U18=3,Q18+8,IF(U18>3,Q18+U18*3))))))
B19: P | G19: 0
B20: P
B21: P | H21: Min. IP Penalties | K21: =SUM(D66:E71) | M21: 6th player contract -->> | W21: =Y21-$B$1 | Y21: =S21+U21 | AA21: =IF(S21>=2014, IF(W21=0,0,IF(U21=1,Q21,IF(U21=2,Q21+5,IF(U21=3,Q21+10,IF(U21=4,Q21+15, IF(U21>4,Q21+U21*4)))))), IF(W21=0,0,IF(U21=1,Q21,IF(U21=2,Q21+4,IF(U21=3,Q21+8,IF(U21>3,Q21+U21*3))))))
B22: P
B23: P | H23: =CONCATENATE($B$1+1," Draft Budget Spent") | K23: =SUM(K12,K14,K16,K21,-K18)
B24: P | M24: 7th player contract -->> | W24: =Y24-$B$1 | Y24: =S24+U24 | AA24: =IF(S24>=2014, IF(W24=0,0,IF(U24=1,Q24,IF(U24=2,Q24+5,IF(U24=3,Q24+10,IF(U24=4,Q24+15, IF(U24>4,Q24+U24*4)))))), IF(W24=0,0,IF(U24=1,Q24,IF(U24=2,Q24+4,IF(U24=3,Q24+8,IF(U24>3,Q24+U24*3))))))
B25: P
B26: P
B27: P | H27: =CONCATENATE("Remaining ",$B$1+1," Auction Budget") | K27: =K8-K23 | M27: 8th player contract -->> | W27: =Y27-$B$1 | Y27: =S27+U27 | AA27: =IF(S27>=2014, IF(W27=0,0,IF(U27=1,Q27,IF(U27=2,Q27+5,IF(U27=3,Q27+10,IF(U27=4,Q27+15, IF(U27>4,Q27+U27*4)))))), IF(W27=0,0,IF(U27=1,Q27,IF(U27=2,Q27+4,IF(U27=3,Q27+8,IF(U27>3,Q27+U27*3))))))
B28: P
B29: P
B30: P | M30: 9th player contract -->> | W30: =Y30-$B$1 | Y30: =S30+U30 | AA30: =IF(S30>=2014, IF(W30=0,0,IF(U30=1,Q30,IF(U30=2,Q30+5,IF(U30=3,Q30+10,IF(U30=4,Q30+15, IF(U30>4,Q30+U30*4)))))), IF(W30=0,0,IF(U30=1,Q30,IF(U30=2,Q30+4,IF(U30=3,Q30+8,IF(U30>3,Q30+U30*3))))))
B31: P | H31: Roster Key
B32: P
B33: P | H33: Red = Under contract | M33: 10th player contract -->> | W33: =Y33-$B$1 | Y33: =S33+U33 | AA33: =IF(S33>=2014, IF(W33=0,0,IF(U33=1,Q33,IF(U33=2,Q33+5,IF(U33=3,Q33+10,IF(U33=4,Q33+15, IF(U33>4,Q33+U33*4)))))), IF(W33=0,0,IF(U33=1,Q33,IF(U33=2,Q33+4,IF(U33=3,Q33+8,IF(U33>3,Q33+U33*3))))))
B34: P | H34: =CONCATENATE("Blue = Free Agent - Not signable")
B35: P | H35: White = Signable
B36: P | J36: =CONCATENATE("Keep ",M3+1,"?") | M36: 11th player contract -->> | W36: =Y36-$B$1 | Y36: =S36+U36 | AA36: =IF(S36>=2014, IF(W36=0,0,IF(U36=1,Q36,IF(U36=2,Q36+5,IF(U36=3,Q36+10,IF(U36=4,Q36+15, IF(U36>4,Q36+U36*4)))))), IF(W36=0,0,IF(U36=1,Q36,IF(U36=2,Q36+4,IF(U36=3,Q36+8,IF(U36>3,Q36+U36*3))))))
B37: P | G37: Drafted | I37: MLB
B38: Farm 1 | C38: Ethan Salas | F38: 3 | G38: 2024 | I38: No
B39: Farm 2 | C39: Carson Williams | F39: 4 | G39: 2024 | I39: Yes | M39: 12th player contract -->> | W39: =Y39-$B$1 | Y39: =S39+U39 | AA39: =IF(S39>=2014, IF(W39=0,0,IF(U39=1,Q39,IF(U39=2,Q39+5,IF(U39=3,Q39+10,IF(U39=4,Q39+15, IF(U39>4,Q39+U39*4)))))), IF(W39=0,0,IF(U39=1,Q39,IF(U39=2,Q39+4,IF(U39=3,Q39+8,IF(U39>3,Q39+U39*3))))))
B40: Farm 3 | C40: Nick Kurtz | F40: 4 | G40: 2024 | I40: Yes
B41: Farm 4 | C41: Coby Mayo | F41: 7 | G41: 2022 | I41: Yes
B42: Farm 5 | C42: Miguel Bleis | F42: 4 | G42: 2023 | I42: No | M42: 13th player contract -->> | W42: =Y42-$B$1 | Y42: =S42+U42 | AA42: =IF(S42>=2014, IF(W42=0,0,IF(U42=1,Q42,IF(U42=2,Q42+5,IF(U42=3,Q42+10,IF(U42=4,Q42+15, IF(U42>4,Q42+U42*4)))))), IF(W42=0,0,IF(U42=1,Q42,IF(U42=2,Q42+4,IF(U42=3,Q42+8,IF(U42>3,Q42+U42*3))))))
B43: Farm 6 | C43: Sebastian Walcott | F43: 2 | G43: 2025 | I43: No
B44: Farm 7 | C44: Colson Montgomery | F44: 5 | G44: 2023 | I44: Yes
B45: Farm 8 | C45: Kahlil Watson | F45: 5 | G45: 2022 | I45: No | M45: 14th player contract -->> | W45: =Y45-$B$1 | Y45: =S45+U45 | AA45: =IF(S45>=2014, IF(W45=0,0,IF(U45=1,Q45,IF(U45=2,Q45+5,IF(U45=3,Q45+10,IF(U45=4,Q45+15, IF(U45>4,Q45+U45*4)))))), IF(W45=0,0,IF(U45=1,Q45,IF(U45=2,Q45+4,IF(U45=3,Q45+8,IF(U45>3,Q45+U45*3))))))
B46: Farm 9 | C46: Orelvis Martinez | F46: 8 | G46: 2021 | I46: Yes
B47: Farm 10 | C47: Jarlin Susana | F47: 2 | G47: 2025 | I47: No
B48: Farm 11 | C48: Roki Sasaki | F48: 4 | G48: 2024 | I48: Yes | M48: 15th player contract -->> | W48: =Y48-$B$1 | Y48: =S48+U48 | AA48: =IF(S48>=2014, IF(W48=0,0,IF(U48=1,Q48,IF(U48=2,Q48+5,IF(U48=3,Q48+10,IF(U48=4,Q48+15, IF(U48>4,Q48+U48*4)))))), IF(W48=0,0,IF(U48=1,Q48,IF(U48=2,Q48+4,IF(U48=3,Q48+8,IF(U48>3,Q48+U48*3))))))
B49: Farm 12 | C49: Jaison Chourio | F49: 2 | G49: 2025 | I49: No
B50: Farm 13
B51: Farm 14
B52: Farm 15 | M52: Buyouts
B53: Farm 16
B54: Farm 17 | Q54: Orig. price | S54: Yr signed | U54: Yrs | W54: Yrs left | Y54: Final Yr | AA54: Orig. sign
B55: Farm 18 | M55: 1st dropped contract | W55: =Y55-$B$1 | Y55: =S55+U55 | AA55: =IF(S55>=2014, IF(W55=0,0,IF(U55=1,Q55,IF(U55=2,Q55+5,IF(U55=3,Q55+10,IF(U55=4,Q55+15, IF(U55>4,Q55+U55*4)))))), IF(W55=0,0,IF(U55=1,Q55,IF(U55=2,Q55+4,IF(U55=3,Q55+8,IF(U55>3,Q55+U55*3))))))
B56: Farm 19
B57: Farm 20 | M57: Year Dropped | P57: =CONCATENATE($M$3," Penalty % ") | U57: =(0.7-0.1*($M$3-(O57+1))) | V57: =CONCATENATE("Penalty in ",$M$3) | AA57: =IF(Y55>$B$1, ROUND(AA55*U57,0), 0)
F58: =$B$1+1 | G58: =$B$1+2 | I58: =$B$1+3 | J58: =$B$1+4 | M58: Contract Ends | O58: =Y55
B59: Buyout 1 | C59: =IF($AA$57>0,$O$55,"") | F59: =IF($AA$57>0,$AA$57,"") | G59: =IF($AA$57>0,$U$59,"") | I59: =IF($AA$57>0,$U$60,"") | J59: =IF($AA$57>0,$AA$59,"") | M59: Years Penalized | O59: =O58-O57 | Q59: =CONCATENATE("Penalty in ",$M$3+1) | U59: =IF(Y55>$M$3,ROUND(AA55*(U57-0.1),0),0) | W59: =CONCATENATE("Penalty in ",$M$3+3) | AA59: =IF(Y55>$M$3+2,ROUND(AG55*(AA58-0.1),0),0)
B60: Buyout 2 | C60: =IF($AA$64>0,$O$62,"") | F60: =IF($AA$64>0,$AA$64,"") | G60: =IF($AA$64>0,$U$66,"") | I60: =IF($AA$64>0,$U$67,"") | J60: =IF($AA$64>0,$AA$66,"") | Q60: =CONCATENATE("Penalty in ",$M$3+2) | U60: =IF(Y55>$M$3+1,ROUND(AA56*(U59-0.1),0),0) | W60: Total Penalty Left | AA60: =SUM(AA57+U59+U60+AA59)
B61: Buyout 3 | C61: =IF($AA$71>0,$O$69,"") | F61: =IF($AA$71>0,$AA$71,"") | G61: =IF($AA$71>0,$U$73,"") | I61: =IF($AA$71>0,$U$74,"") | J61: =IF($AA$71>0,$AA$73,"")
B62: Buyout 4 | C62: =IF($AA$78>0,$O$76,"") | F62: =IF($AA$78>0,$AA$78,"") | G62: =IF($AA$78>0,$U$80,"") | I62: =IF($AA$78>0,$U$81,"") | J62: =IF($AA$78>0,$AA$80,"") | M62: 2nd dropped contract | Q62: 0 | W62: =Y62-$B$1 | Y62: =S62+U62 | AA62: =IF(S62>=2014, IF(W62=0,0,IF(U62=1,Q62,IF(U62=2,Q62+5,IF(U62=3,Q62+10,IF(U62=4,Q62+15, IF(U62>4,Q62+U62*4)))))), IF(W62=0,0,IF(U62=1,Q62,IF(U62=2,Q62+4,IF(U62=3,Q62+8,IF(U62>3,Q62+U62*3))))))
B64: Missed IP Penalty | M64: Year Dropped | P64: =CONCATENATE($M$3," Penalty % ") | U64: =(0.7-0.1*($M$3-(O64+1))) | V64: =CONCATENATE("Penalty in ",$M$3) | AA64: =IF(Y62>$B$1, ROUND(AA62*U64,0), 0)
M65: Contract Ends | O65: =Y62
M66: Years Penalized | O66: =O65-O64 | Q66: =CONCATENATE("Penalty in ",$M$3+1) | U66: =IF(Y62>$M$3,ROUND(AA62*(U64-0.1),0),0) | W66: =CONCATENATE("Penalty in ",$M$3+3) | AA66: =IF(Y62>$M$3+2,ROUND(AG62*(AA65-0.1),0),0)
Q67: =CONCATENATE("Penalty in ",$M$3+2) | U67: =IF(Y62>$M$3+1,ROUND(AA63*(U66-0.1),0),0) | W67: Total Penalty Left | AA67: =SUM(AA64+U66+U67+AA66)
M69: 3rd dropped contract | W69: =Y69-$B$1 | Y69: =S69+U69 | AA69: =IF(S69>=2014, IF(W69=0,0,IF(U69=1,Q69,IF(U69=2,Q69+5,IF(U69=3,Q69+10,IF(U69=4,Q69+15, IF(U69>4,Q69+U69*4)))))), IF(W69=0,0,IF(U69=1,Q69,IF(U69=2,Q69+4,IF(U69=3,Q69+8,IF(U69>3,Q69+U69*3))))))
M71: Year Dropped | P71: =CONCATENATE($M$3," Penalty % ") | U71: =(0.7-0.1*($M$3-(O71+1))) | V71: =CONCATENATE("Penalty in ",$M$3) | AA71: =IF(Y69>$B$1, ROUND(AA69*U71,0), 0)
M72: Contract Ends | O72: =Y69
M73: Years Penalized | O73: =O72-O71 | Q73: =CONCATENATE("Penalty in ",$M$3+1) | U73: =IF(Y69>$M$3,ROUND(AA69*(U71-0.1),0),0) | W73: =CONCATENATE("Penalty in ",$M$3+3) | AA73: =IF(Y69>$M$3+2,ROUND(AG69*(AA72-0.1),0),0)
Q74: =CONCATENATE("Penalty in ",$M$3+2) | U74: =IF(Y69>$M$3+1,ROUND(AA70*(U73-0.1),0),0) | W74: Total Penalty Left | AA74: =SUM(AA71+U73+U74+AA73)
M76: 4th dropped contract | W76: =Y76-$B$1 | Y76: =S76+U76 | AA76: =IF(S76>=2014, IF(W76=0,0,IF(U76=1,Q76,IF(U76=2,Q76+5,IF(U76=3,Q76+10,IF(U76=4,Q76+15, IF(U76>4,Q76+U76*4)))))), IF(W76=0,0,IF(U76=1,Q76,IF(U76=2,Q76+4,IF(U76=3,Q76+8,IF(U76>3,Q76+U76*3))))))
M78: Year Dropped | P78: =CONCATENATE($M$3," Penalty % ") | U78: =(0.7-0.1*($M$3-(O78+1))) | V78: =CONCATENATE("Penalty in ",$M$3) | AA78: =IF(Y76>$B$1, ROUND(AA76*U78,0), 0)
M79: Contract Ends | O79: =Y76
M80: Years Penalized | O80: =O79-O78 | Q80: =CONCATENATE("Penalty in ",$M$3+1) | U80: =IF(Y76>$M$3,ROUND(AA76*(U78-0.1),0),0) | W80: =CONCATENATE("Penalty in ",$M$3+3) | AA80: =IF(Y76>$M$3+2,ROUND(AG76*(AA79-0.1),0),0)
Q81: =CONCATENATE("Penalty in ",$M$3+2) | U81: =IF(Y76>$M$3+1,ROUND(AA77*(U80-0.1),0),0) | W81: Total Penalty Left | AA81: =SUM(AA78+U80+U81+AA80)

Sheet EP (Winning De)
B1: 2025 | C1: FINAL Roster | H1: BUDGET INFO. | M1: =CONCATENATE("Evan Pasha - Year",$B$1-2006," CONTRACT SHEET")
B3: 1B,CI | H3: =CONCATENATE($B$1," Base Draft Budget") | K3: 400 | M3: 2025 | O3: Player | Q3: Original Price | S3: Year Signed | U3: # of Years | W3: Years Left | Y3: Final Year | AA3: Price per year
B4: 1B,CI
B5: 2B,3B,CI,MI
B6: 2B,3B,SS,CI,MI,OF | M6: 1st player contract -->> | O6: Gunnar Henderson | Q6: 2 | S6: 2022 | U6: 5 | W6: =Y6-$B$1 | Y6: =S6+U6 | AA6: =IF(S6>=2014, IF(W6=0,0,IF(U6=1,Q6,IF(U6=2,Q6+5,IF(U6=3,Q6+10,IF(U6=4,Q6+15, IF(U6>4,Q6+U6*4)))))), IF(W6=0,0,IF(U6=1,Q6,IF(U6=2,Q6+4,IF(U6=3,Q6+8,IF(U6>3,Q6+U6*3))))))
B7: 2B,MI
B8: 2B,SS,MI,OF | H8: =CONCATENATE("Starting ",$B$1+1," Draft Budget") | K8: =K3+K5
B9: 3B,CI | M9: 2nd player contract -->> | O9: Lawrence Butler | Q9: 2 | S9: 2024 | U9: 3 | W9: =Y9-$B$1 | Y9: =S9+U9 | AA9: =IF(S9>=2014, IF(W9=0,0,IF(U9=1,Q9,IF(U9=2,Q9+5,IF(U9=3,Q9+10,IF(U9=4,Q9+15, IF(U9>4,Q9+U9*4)))))), IF(W9=0,0,IF(U9=1,Q9,IF(U9=2,Q9+4,IF(U9=3,Q9+8,IF(U9>3,Q9+U9*3))))))
B10: 3B,CI
B11: C
B12: C,1B,CI | H12: Regular Contracts | K12: =SUM(AA6:AA49) | M12: 3rd player contract -->> | O12: Mason Miller | Q12: 5 | S12: 2024 | U12: 2 | W12: =Y12-$B$1 | Y12: =S12+U12 | AA12: =IF(S12>=2014, IF(W12=0,0,IF(U12=1,Q12,IF(U12=2,Q12+5,IF(U12=3,Q12+10,IF(U12=4,Q12+15, IF(U12>4,Q12+U12*4)))))), IF(W12=0,0,IF(U12=1,Q12,IF(U12=2,Q12+4,IF(U12=3,Q12+8,IF(U12>3,Q12+U12*3))))))
B13: OF
B14: OF | H14: Bad Contracts | K14: =SUM(AA57,AA64,AA71,AA78)
B15: OF | M15: 4th player contract -->> | O15: Jordan Westburg | Q15: 6 | S15: 2024 | U15: 3 | W15: =Y15-$B$1 | Y15: =S15+U15 | AA15: =IF(S15>=2014, IF(W15=0,0,IF(U15=1,Q15,IF(U15=2,Q15+5,IF(U15=3,Q15+10,IF(U15=4,Q15+15, IF(U15>4,Q15+U15*4)))))), IF(W15=0,0,IF(U15=1,Q15,IF(U15=2,Q15+4,IF(U15=3,Q15+8,IF(U15>3,Q15+U15*3))))))
B16: OF | H16: Farm Contracts | K16: =SUM(F38:F57)
B17: OF
B18: OF | H18: =CONCATENATE($B$1+1," Auction Budget acquired by trade (Offseason Only)") | K18: ='Draft budget calc'!E9 | M18: 5th player contract -->> | O18: Josh Lowe | Q18: 5 | S18: 2023 | U18: 3 | W18: =Y18-$B$1 | Y18: =S18+U18 | AA18: =IF(S18>=2014, IF(W18=0,0,IF(U18=1,Q18,IF(U18=2,Q18+5,IF(U18=3,Q18+10,IF(U18=4,Q18+15, IF(U18>4,Q18+U18*4)))))), IF(W18=0,0,IF(U18=1,Q18,IF(U18=2,Q18+4,IF(U18=3,Q18+8,IF(U18>3,Q18+U18*3))))))
B19: P
B20: P
B21: P | H21: Min. IP Penalties | M21: 6th player contract -->> | O21: Tarik Skubal | Q21: 0 | S21: 2023 | U21: 3 | W21: =Y21-$B$1 | Y21: =S21+U21 | AA21: =IF(S21>=2014, IF(W21=0,0,IF(U21=1,Q21,IF(U21=2,Q21+5,IF(U21=3,Q21+10,IF(U21=4,Q21+15, IF(U21>4,Q21+U21*4)))))), IF(W21=0,0,IF(U21=1,Q21,IF(U21=2,Q21+4,IF(U21=3,Q21+8,IF(U21>3,Q21+U21*3))))))
B22: P
B23: P | H23: =CONCATENATE($B$1+1," Draft Budget Spent") | K23: =SUM(K12,K14,K16,K21,-K18)
B24: P | M24: 7th player contract -->> | O24: Jackson Holiday | Q24: 2 | S24: 2024 | U24: 4 | W24: =Y24-$B$1 | Y24: =S24+U24 | AA24: =IF(S24>=2014, IF(W24=0,0,IF(U24=1,Q24,IF(U24=2,Q24+5,IF(U24=3,Q24+10,IF(U24=4,Q24+15, IF(U24>4,Q24+U24*4)))))), IF(W24=0,0,IF(U24=1,Q24,IF(U24=2,Q24+4,IF(U24=3,Q24+8,IF(U24>3,Q24+U24*3))))))
B25: P
B26: P
B27: P | H27: =CONCATENATE("Remaining ",$B$1+1," Auction Budget") | K27: =K8-K23 | M27: 8th player contract -->> | O27: Jared Jones | Q27: 0 | S27: 2024 | U27: 2 | W27: =Y27-$B$1 | Y27: =S27+U27 | AA27: =IF(S27>=2014, IF(W27=0,0,IF(U27=1,Q27,IF(U27=2,Q27+5,IF(U27=3,Q27+10,IF(U27=4,Q27+15, IF(U27>4,Q27+U27*4)))))), IF(W27=0,0,IF(U27=1,Q27,IF(U27=2,Q27+4,IF(U27=3,Q27+8,IF(U27>3,Q27+U27*3))))))
B28: P
B29: P
B30: P | M30: 9th player contract -->> | W30: =Y30-$B$1 | Y30: =S30+U30 | AA30: =IF(S30>=2014, IF(W30=0,0,IF(U30=1,Q30,IF(U30=2,Q30+5,IF(U30=3,Q30+10,IF(U30=4,Q30+15, IF(U30>4,Q30+U30*4)))))), IF(W30=0,0,IF(U30=1,Q30,IF(U30=2,Q30+4,IF(U30=3,Q30+8,IF(U30>3,Q30+U30*3))))))
B31: P | H31: Roster Key
B32: P
B33: P | H33: Red = Under contract | M33: 10th player contract -->> | W33: =Y33-$B$1 | Y33: =S33+U33 | AA33: =IF(S33>=2014, IF(W33=0,0,IF(U33=1,Q33,IF(U33=2,Q33+5,IF(U33=3,Q33+10,IF(U33=4,Q33+15, IF(U33>4,Q33+U33*4)))))), IF(W33=0,0,IF(U33=1,Q33,IF(U33=2,Q33+4,IF(U33=3,Q33+8,IF(U33>3,Q33+U33*3))))))
B34: P | H34: =CONCATENATE("Blue = Free Agent - Not signable")
B35: P | H35: White = Signable
B36: SS,MI | J36: =CONCATENATE("Keep ",M3+1,"?") | M36: 11th player contract -->> | W36: =Y36-$B$1 | Y36: =S36+U36 | AA36: =IF(S36>=2014, IF(W36=0,0,IF(U36=1,Q36,IF(U36=2,Q36+5,IF(U36=3,Q36+10,IF(U36=4,Q36+15, IF(U36>4,Q36+U36*4)))))), IF(W36=0,0,IF(U36=1,Q36,IF(U36=2,Q36+4,IF(U36=3,Q36+8,IF(U36>3,Q36+U36*3))))))
B37: DL 5 | G37: Drafted | I37: MLB
B38: Farm 1 | C38: Jace Laviolette | F38: 2 | G38: 2025 | I38: No
B39: Farm 2 | C39: Chase DeLauter | F39: 6 | G39: 2022 | I39: Yes | M39: 12th player contract -->> | W39: =Y39-$B$1 | Y39: =S39+U39 | AA39: =IF(S39>=2014, IF(W39=0,0,IF(U39=1,Q39,IF(U39=2,Q39+5,IF(U39=3,Q39+10,IF(U39=4,Q39+15, IF(U39>4,Q39+U39*4)))))), IF(W39=0,0,IF(U39=1,Q39,IF(U39=2,Q39+4,IF(U39=3,Q39+8,IF(U39>3,Q39+U39*3))))))
B40: Farm 3 | C40: Chase Burns | F40: 3 | G40: 2025 | I40: Yes
B41: Farm 4 | C41: Andruw Jones | F41: 5 | G41: 2022 | I41: No
B42: Farm 5 | C42: Elijah Green | F42: 5 | G42: 2022 | I42: No | M42: 13th player contract -->> | W42: =Y42-$B$1 | Y42: =S42+U42 | AA42: =IF(S42>=2014, IF(W42=0,0,IF(U42=1,Q42,IF(U42=2,Q42+5,IF(U42=3,Q42+10,IF(U42=4,Q42+15, IF(U42>4,Q42+U42*4)))))), IF(W42=0,0,IF(U42=1,Q42,IF(U42=2,Q42+4,IF(U42=3,Q42+8,IF(U42>3,Q42+U42*3))))))
B43: Farm 6 | C43: Konnor Griffin | F43: 2 | G43: 2025 | I43: No
B44: Farm 7 | C44: JJ Wetherholt | F44: 3 | G44: 2024 | I44: No
B45: Farm 8 | M45: 14th player contract -->> | W45: =Y45-$B$1 | Y45: =S45+U45 | AA45: =IF(S45>=2014, IF(W45=0,0,IF(U45=1,Q45,IF(U45=2,Q45+5,IF(U45=3,Q45+10,IF(U45=4,Q45+15, IF(U45>4,Q45+U45*4)))))), IF(W45=0,0,IF(U45=1,Q45,IF(U45=2,Q45+4,IF(U45=3,Q45+8,IF(U45>3,Q45+U45*3))))))
B46: Farm 9
B47: Farm 10
B48: Farm 11 | M48: 15th player contract -->> | W48: =Y48-$B$1 | Y48: =S48+U48 | AA48: =IF(S48>=2014, IF(W48=0,0,IF(U48=1,Q48,IF(U48=2,Q48+5,IF(U48=3,Q48+10,IF(U48=4,Q48+15, IF(U48>4,Q48+U48*4)))))), IF(W48=0,0,IF(U48=1,Q48,IF(U48=2,Q48+4,IF(U48=3,Q48+8,IF(U48>3,Q48+U48*3))))))
B49: Farm 12
B50: Farm 13
B51: Farm 14
B52: Farm 15 | M52: Buyouts
B53: Farm 16
B54: Farm 17 | Q54: Orig. price | S54: Yr signed | U54: Yrs | W54: Yrs left | Y54: Final Yr | AA54: Orig. sign
B55: Farm 18 | M55: 1st dropped contract | O55: James Outman | Q55: 1 | S55: 2023 | U55: 3 | W55: =Y55-$B$1 | Y55: =S55+U55 | AA55: =IF(S55>=2014, IF(W55=0,0,IF(U55=1,Q55,IF(U55=2,Q55+5,IF(U55=3,Q55+10,IF(U55=4,Q55+15, IF(U55>4,Q55+U55*4)))))), IF(W55=0,0,IF(U55=1,Q55,IF(U55=2,Q55+4,IF(U55=3,Q55+8,IF(U55>3,Q55+U55*3))))))
B56: Farm 19
B57: Farm 20 | M57: Year Dropped | O57: 2024 | P57: =CONCATENATE($M$3," Penalty % ") | U57: =(0.7-0.1*($M$3-(O57+1))) | V57: =CONCATENATE("Penalty in ",$M$3) | AA57: =IF(Y55>$B$1, ROUND(AA55*U57,0), 0)
F58: =$B$1+1 | G58: =$B$1+2 | I58: =$B$1+3 | J58: =$B$1+4 | M58: Contract Ends | O58: =Y55
B59: Buyout 1 | C59: =IF($AA$57>0,$O$55,"") | F59: =IF($AA$57>0,$AA$57,"") | G59: =IF($AA$57>0,$U$59,"") | I59: =IF($AA$57>0,$U$60,"") | J59: =IF($AA$57>0,$AA$59,"") | M59: Years Penalized | O59: =O58-O57 | Q59: =CONCATENATE("Penalty in ",$M$3+1) | U59: =IF(Y55>$M$3,ROUND(AA55*(U57-0.1),0),0) | W59: =CONCATENATE("Penalty in ",$M$3+3) | AA59: =IF(Y55>$M$3+2,ROUND(AG55*(AA58-0.1),0),0)
B60: Buyout 2 | C60: =IF($AA$64>0,$O$62,"") | F60: =IF($AA$64>0,$AA$64,"") | G60: =IF($AA$64>0,$U$66,"") | I60: =IF($AA$64>0,$U$67,"") | J60: =IF($AA$64>0,$AA$66,"") | Q60: =CONCATENATE("Penalty in ",$M$3+2) | U60: =IF(Y55>$M$3+1,ROUND(AA56*(U59-0.1),0),0) | W60: Total Penalty Left | AA60: =SUM(AA57+U59+U60+AA59)
B61: Buyout 3 | C61: =IF($AA$71>0,$O$69,"") | F61: =IF($AA$71>0,$AA$71,"") | G61: =IF($AA$71>0,$U$73,"") | I61: =IF($AA$71>0,$U$74,"") | J61: =IF($AA$71>0,$AA$73,"")
B62: Buyout 4 | C62: =IF($AA$78>0,$O$76,"") | F62: =IF($AA$78>0,$AA$78,"") | G62: =IF($AA$78>0,$U$80,"") | I62: =IF($AA$78>0,$U$81,"") | J62: =IF($AA$78>0,$AA$80,"") | M62: 2nd dropped contract | W62: =Y62-$B$1 | Y62: =S62+U62 | AA62: =IF(S62>=2014, IF(W62=0,0,IF(U62=1,Q62,IF(U62=2,Q62+5,IF(U62=3,Q62+10,IF(U62=4,Q62+15, IF(U62>4,Q62+U62*4)))))), IF(W62=0,0,IF(U62=1,Q62,IF(U62=2,Q62+4,IF(U62=3,Q62+8,IF(U62>3,Q62+U62*3))))))
B64: Missed IP Penalty | M64: Year Dropped | P64: =CONCATENATE($M$3," Penalty % ") | U64: =(0.7-0.1*($M$3-(O64+1))) | V64: =CONCATENATE("Penalty in ",$M$3) | AA64: =IF(Y62>$B$1, ROUND(AA62*U64,0), 0)
M65: Contract Ends | O65: =Y62
M66: Years Penalized | O66: =O65-O64 | Q66: =CONCATENATE("Penalty in ",$M$3+1) | U66: =IF(Y62>$M$3,ROUND(AA62*(U64-0.1),0),0) | W66: =CONCATENATE("Penalty in ",$M$3+3) | AA66: =IF(Y62>$M$3+2,ROUND(AG62*(AA65-0.1),0),0)
Q67: =CONCATENATE("Penalty in ",$M$3+2) | U67: =IF(Y62>$M$3+1,ROUND(AA63*(U66-0.1),0),0) | W67: Total Penalty Left | AA67: =SUM(AA64+U66+U67+AA66)
M69: 3rd dropped contract | W69: =Y69-$B$1 | Y69: =S69+U69 | AA69: =IF(S69>=2014, IF(W69=0,0,IF(U69=1,Q69,IF(U69=2,Q69+5,IF(U69=3,Q69+10,IF(U69=4,Q69+15, IF(U69>4,Q69+U69*4)))))), IF(W69=0,0,IF(U69=1,Q69,IF(U69=2,Q69+4,IF(U69=3,Q69+8,IF(U69>3,Q69+U69*3))))))
M71: Year Dropped | P71: =CONCATENATE($M$3," Penalty % ") | U71: =(0.7-0.1*($M$3-(O71+1))) | V71: =CONCATENATE("Penalty in ",$M$3) | AA71: =IF(Y69>$B$1, ROUND(AA69*U71,0), 0)
M72: Contract Ends | O72: =Y69
M73: Years Penalized | O73: =O72-O71 | Q73: =CONCATENATE("Penalty in ",$M$3+1) | U73: =IF(Y69>$M$3,ROUND(AA69*(U71-0.1),0),0) | W73: =CONCATENATE("Penalty in ",$M$3+3) | AA73: =IF(Y69>$M$3+2,ROUND(AG69*(AA72-0.1),0),0)
Q74: =CONCATENATE("Penalty in ",$M$3+2) | U74: =IF(Y69>$M$3+1,ROUND(AA70*(U73-0.1),0),0) | W74: Total Penalty Left | AA74: =SUM(AA71+U73+U74+AA73)
M76: 4th dropped contract | W76: =Y76-$B$1 | Y76: =S76+U76 | AA76: =IF(S76>=2014, IF(W76=0,0,IF(U76=1,Q76,IF(U76=2,Q76+5,IF(U76=3,Q76+10,IF(U76=4,Q76+15, IF(U76>4,Q76+U76*4)))))), IF(W76=0,0,IF(U76=1,Q76,IF(U76=2,Q76+4,IF(U76=3,Q76+8,IF(U76>3,Q76+U76*3))))))
M78: Year Dropped | P78: =CONCATENATE($M$3," Penalty % ") | U78: =(0.7-0.1*($M$3-(O78+1))) | V78: =CONCATENATE("Penalty in ",$M$3) | AA78: =IF(Y76>$B$1, ROUND(AA76*U78,0), 0)
M79: Contract Ends | O79: =Y76
M80: Years Penalized | O80: =O79-O78 | Q80: =CONCATENATE("Penalty in ",$M$3+1) | U80: =IF(Y76>$M$3,ROUND(AA76*(U78-0.1),0),0) | W80: =CONCATENATE("Penalty in ",$M$3+3) | AA80: =IF(Y76>$M$3+2,ROUND(AG76*(AA79-0.1),0),0)
Q81: =CONCATENATE("Penalty in ",$M$3+2) | U81: =IF(Y76>$M$3+1,ROUND(AA77*(U80-0.1),0),0) | W81: Total Penalty Left | AA81: =SUM(AA78+U80+U81+AA80)

Sheet JM (JMoney)
B1: 2025 | C1: FINAL Roster | H1: BUDGET INFO. | M1: =CONCATENATE("John Mullen - Year",$B$1-2006," CONTRACT SHEET")
B3: 1B,2B,CI,MI | H3: =CONCATENATE($B$1," Base Draft Budget") | K3: 400 | M3: 2025 | O3: Player | Q3: Original Price | S3: Year Signed | U3: # of Years | W3: Years Left | Y3: Final Year | AA3: Price per year
B4: 1B,3B,CI
B5: 1B,CI
B6: 1B,CI,OF | M6: 1st player contract -->> | O6: Robbie Ray | Q6: 1 | S6: 2024 | U6: 2 | W6: =Y6-$B$1 | Y6: =S6+U6 | AA6: =IF(S6>=2014, IF(W6=0,0,IF(U6=1,Q6,IF(U6=2,Q6+5,IF(U6=3,Q6+10,IF(U6=4,Q6+15, IF(U6>4,Q6+U6*4)))))), IF(W6=0,0,IF(U6=1,Q6,IF(U6=2,Q6+4,IF(U6=3,Q6+8,IF(U6>3,Q6+U6*3))))))
B7: 2B,3B,SS,CI,MI
B8: 2B,SS,MI | H8: =CONCATENATE("Starting ",$B$1+1," Draft Budget") | K8: =K3+K5
B9: C | M9: 2nd player contract -->> | O9: Spencer Arrighetti | Q9: 0 | S9: 2024 | U9: 2 | W9: =Y9-$B$1 | Y9: =S9+U9 | AA9: =IF(S9>=2014, IF(W9=0,0,IF(U9=1,Q9,IF(U9=2,Q9+5,IF(U9=3,Q9+10,IF(U9=4,Q9+15, IF(U9>4,Q9+U9*4)))))), IF(W9=0,0,IF(U9=1,Q9,IF(U9=2,Q9+4,IF(U9=3,Q9+8,IF(U9>3,Q9+U9*3))))))
B10: C
B11: OF
B12: OF | H12: Regular Contracts | K12: =SUM(AA6:AA49) | M12: 3rd player contract -->> | O12: Cedric Mullins | Q12: 0 | S12: 2021 | U12: 6 | W12: =Y12-$B$1 | Y12: =S12+U12 | AA12: =IF(S12>=2014, IF(W12=0,0,IF(U12=1,Q12,IF(U12=2,Q12+5,IF(U12=3,Q12+10,IF(U12=4,Q12+15, IF(U12>4,Q12+U12*4)))))), IF(W12=0,0,IF(U12=1,Q12,IF(U12=2,Q12+4,IF(U12=3,Q12+8,IF(U12>3,Q12+U12*3))))))
B13: OF
B14: OF | H14: Bad Contracts | K14: =SUM(AA57,AA64,AA71,AA78)
B15: OF | M15: 4th player contract -->> | W15: =Y15-$B$1 | Y15: =S15+U15 | AA15: =IF(S15>=2014, IF(W15=0,0,IF(U15=1,Q15,IF(U15=2,Q15+5,IF(U15=3,Q15+10,IF(U15=4,Q15+15, IF(U15>4,Q15+U15*4)))))), IF(W15=0,0,IF(U15=1,Q15,IF(U15=2,Q15+4,IF(U15=3,Q15+8,IF(U15>3,Q15+U15*3))))))
B16: OF | H16: Farm Contracts | K16: =SUM(F38:F57)
B17: OF
B18: OF | H18: =CONCATENATE($B$1+1," Auction Budget acquired by trade (Offseason Only)") | K18: ='Draft budget calc'!E11 | M18: 5th player contract -->> | O18: Aaron Judge | Q18: 98 | S18: 2024 | U18: 2 | W18: =Y18-$B$1 | Y18: =S18+U18 | AA18: =IF(S18>=2014, IF(W18=0,0,IF(U18=1,Q18,IF(U18=2,Q18+5,IF(U18=3,Q18+10,IF(U18=4,Q18+15, IF(U18>4,Q18+U18*4)))))), IF(W18=0,0,IF(U18=1,Q18,IF(U18=2,Q18+4,IF(U18=3,Q18+8,IF(U18>3,Q18+U18*3))))))
B19: P
B20: P
B21: P | H21: Min. IP Penalties | M21: 6th player contract -->> | O21: Wily Adames | Q21: 15 | S21: 2024 | U21: 3 | W21: =Y21-$B$1 | Y21: =S21+U21 | AA21: =IF(S21>=2014, IF(W21=0,0,IF(U21=1,Q21,IF(U21=2,Q21+5,IF(U21=3,Q21+10,IF(U21=4,Q21+15, IF(U21>4,Q21+U21*4)))))), IF(W21=0,0,IF(U21=1,Q21,IF(U21=2,Q21+4,IF(U21=3,Q21+8,IF(U21>3,Q21+U21*3))))))
B22: P
B23: P | H23: =CONCATENATE($B$1+1," Draft Budget Spent") | K23: =SUM(K12,K14,K16,K21,-K18)
B24: P | M24: 7th player contract -->> | O24: Bowden Francis | Q24: 3 | S24: 2024 | U24: 2 | W24: =Y24-$B$1 | Y24: =S24+U24 | AA24: =IF(S24>=2014, IF(W24=0,0,IF(U24=1,Q24,IF(U24=2,Q24+5,IF(U24=3,Q24+10,IF(U24=4,Q24+15, IF(U24>4,Q24+U24*4)))))), IF(W24=0,0,IF(U24=1,Q24,IF(U24=2,Q24+4,IF(U24=3,Q24+8,IF(U24>3,Q24+U24*3))))))
B25: P
B26: P
B27: P | H27: =CONCATENATE("Remaining ",$B$1+1," Auction Budget") | K27: =K8-K23 | M27: 8th player contract -->> | W27: =Y27-$B$1 | Y27: =S27+U27 | AA27: =IF(S27>=2014, IF(W27=0,0,IF(U27=1,Q27,IF(U27=2,Q27+5,IF(U27=3,Q27+10,IF(U27=4,Q27+15, IF(U27>4,Q27+U27*4)))))), IF(W27=0,0,IF(U27=1,Q27,IF(U27=2,Q27+4,IF(U27=3,Q27+8,IF(U27>3,Q27+U27*3))))))
B28: P
B29: P
B30: P | M30: 9th player contract -->> | W30: =Y30-$B$1 | Y30: =S30+U30 | AA30: =IF(S30>=2014, IF(W30=0,0,IF(U30=1,Q30,IF(U30=2,Q30+5,IF(U30=3,Q30+10,IF(U30=4,Q30+15, IF(U30>4,Q30+U30*4)))))), IF(W30=0,0,IF(U30=1,Q30,IF(U30=2,Q30+4,IF(U30=3,Q30+8,IF(U30>3,Q30+U30*3))))))
B31: P | H31: Roster Key
B32: P
B33: P | H33: Red = Under contract | M33: 10th player contract -->> | W33: =Y33-$B$1 | Y33: =S33+U33 | AA33: =IF(S33>=2014, IF(W33=0,0,IF(U33=1,Q33,IF(U33=2,Q33+5,IF(U33=3,Q33+10,IF(U33=4,Q33+15, IF(U33>4,Q33+U33*4)))))), IF(W33=0,0,IF(U33=1,Q33,IF(U33=2,Q33+4,IF(U33=3,Q33+8,IF(U33>3,Q33+U33*3))))))
B34: P | H34: =CONCATENATE("Blue = Free Agent - Not signable")
B35: SS,MI | H35: White = Signable
B36: DL 4 | J36: =CONCATENATE("Keep ",M3+1,"?") | M36: 11th player contract -->> | W36: =Y36-$B$1 | Y36: =S36+U36 | AA36: =IF(S36>=2014, IF(W36=0,0,IF(U36=1,Q36,IF(U36=2,Q36+5,IF(U36=3,Q36+10,IF(U36=4,Q36+15, IF(U36>4,Q36+U36*4)))))), IF(W36=0,0,IF(U36=1,Q36,IF(U36=2,Q36+4,IF(U36=3,Q36+8,IF(U36>3,Q36+U36*3))))))
B37: DL 5 | G37: Drafted | I37: MLB
B38: Farm 1 | C38: Bryce Eldridge | F38: 3 | G38: 2025 | I38: Yes
B39: Farm 2 | M39: 12th player contract -->> | W39: =Y39-$B$1 | Y39: =S39+U39 | AA39: =IF(S39>=2014, IF(W39=0,0,IF(U39=1,Q39,IF(U39=2,Q39+5,IF(U39=3,Q39+10,IF(U39=4,Q39+15, IF(U39>4,Q39+U39*4)))))), IF(W39=0,0,IF(U39=1,Q39,IF(U39=2,Q39+4,IF(U39=3,Q39+8,IF(U39>3,Q39+U39*3))))))
B40: Farm 3
B41: Farm 4
B42: Farm 5 | M42: 13th player contract -->> | W42: =Y42-$B$1 | Y42: =S42+U42 | AA42: =IF(S42>=2014, IF(W42=0,0,IF(U42=1,Q42,IF(U42=2,Q42+5,IF(U42=3,Q42+10,IF(U42=4,Q42+15, IF(U42>4,Q42+U42*4)))))), IF(W42=0,0,IF(U42=1,Q42,IF(U42=2,Q42+4,IF(U42=3,Q42+8,IF(U42>3,Q42+U42*3))))))
B43: Farm 6
B44: Farm 7
B45: Farm 8 | M45: 14th player contract -->> | W45: =Y45-$B$1 | Y45: =S45+U45 | AA45: =IF(S45>=2014, IF(W45=0,0,IF(U45=1,Q45,IF(U45=2,Q45+5,IF(U45=3,Q45+10,IF(U45=4,Q45+15, IF(U45>4,Q45+U45*4)))))), IF(W45=0,0,IF(U45=1,Q45,IF(U45=2,Q45+4,IF(U45=3,Q45+8,IF(U45>3,Q45+U45*3))))))
B46: Farm 9
B47: Farm 10
B48: Farm 11 | M48: 15th player contract -->> | W48: =Y48-$B$1 | Y48: =S48+U48 | AA48: =IF(S48>=2014, IF(W48=0,0,IF(U48=1,Q48,IF(U48=2,Q48+5,IF(U48=3,Q48+10,IF(U48=4,Q48+15, IF(U48>4,Q48+U48*4)))))), IF(W48=0,0,IF(U48=1,Q48,IF(U48=2,Q48+4,IF(U48=3,Q48+8,IF(U48>3,Q48+U48*3))))))
B49: Farm 12
B50: Farm 13
B51: Farm 14
B52: Farm 15 | M52: Buyouts
B53: Farm 16
B54: Farm 17 | Q54: Orig. price | S54: Yr signed | U54: Yrs | W54: Yrs left | Y54: Final Yr | AA54: Orig. sign
B55: Farm 18 | M55: 1st dropped contract | O55: Wander Franco | Q55: 5 | S55: 2022 | U55: 7 | W55: =Y55-$B$1 | Y55: =S55+U55 | AA55: =IF(S55>=2014, IF(W55=0,0,IF(U55=1,Q55,IF(U55=2,Q55+5,IF(U55=3,Q55+10,IF(U55=4,Q55+15, IF(U55>4,Q55+U55*4)))))), IF(W55=0,0,IF(U55=1,Q55,IF(U55=2,Q55+4,IF(U55=3,Q55+8,IF(U55>3,Q55+U55*3))))))
B56: Farm 19
B57: Farm 20 | M57: Year Dropped | O57: 2023 | P57: =CONCATENATE($M$3," Penalty % ") | U57: =(0.7-0.1*($M$3-(O57+1))) | V57: =CONCATENATE("Penalty in ",$M$3) | AA57: =IF(Y55>$B$1, ROUND(AA55*U57,0), 0)
F58: =$B$1+1 | G58: =$B$1+2 | I58: =$B$1+3 | J58: =$B$1+4 | M58: Contract Ends | O58: =Y55
B59: Buyout 1 | C59: =IF($AA$57>0,$O$55,"") | F59: =IF($AA$57>0,$AA$57,"") | G59: =IF($AA$57>0,$U$59,"") | I59: =IF($AA$57>0,$U$60,"") | J59: =IF($AA$57>0,$AA$59,"") | M59: Years Penalized | O59: =O58-O57 | Q59: =CONCATENATE("Penalty in ",$M$3+1) | U59: =IF(Y55>$M$3,ROUND(AA55*(U57-0.1),0),0) | W59: =CONCATENATE("Penalty in ",$M$3+3) | AA59: =IF(Y55>$M$3+2,ROUND(AG55*(AA58-0.1),0),0)
B60: Buyout 2 | C60: =IF($AA$64>0,$O$62,"") | F60: =IF($AA$64>0,$AA$64,"") | G60: =IF($AA$64>0,$U$66,"") | I60: =IF($AA$64>0,$U$67,"") | J60: =IF($AA$64>0,$AA$66,"") | Q60: =CONCATENATE("Penalty in ",$M$3+2) | U60: =IF(Y55>$M$3+1,ROUND(AA56*(U59-0.1),0),0) | W60: Total Penalty Left | AA60: =SUM(AA57+U59+U60+AA59)
B61: Buyout 3 | C61: =IF($AA$71>0,$O$69,"") | F61: =IF($AA$71>0,$AA$71,"") | G61: =IF($AA$71>0,$U$73,"") | I61: =IF($AA$71>0,$U$74,"") | J61: =IF($AA$71>0,$AA$73,"")
B62: Buyout 4 | C62: =IF($AA$78>0,$O$76,"") | F62: =IF($AA$78>0,$AA$78,"") | G62: =IF($AA$78>0,$U$80,"") | I62: =IF($AA$78>0,$U$81,"") | J62: =IF($AA$78>0,$AA$80,"") | M62: 2nd dropped contract | O62: Nolan Gorman | Q62: 6 | S62: 2023 | U62: 3 | W62: =Y62-$B$1 | Y62: =S62+U62 | AA62: =IF(S62>=2014, IF(W62=0,0,IF(U62=1,Q62,IF(U62=2,Q62+5,IF(U62=3,Q62+10,IF(U62=4,Q62+15, IF(U62>4,Q62+U62*4)))))), IF(W62=0,0,IF(U62=1,Q62,IF(U62=2,Q62+4,IF(U62=3,Q62+8,IF(U62>3,Q62+U62*3))))))
B64: Missed IP Penalty | M64: Year Dropped | O64: 2024 | P64: =CONCATENATE($M$3," Penalty % ") | U64: =(0.7-0.1*($M$3-(O64+1))) | V64: =CONCATENATE("Penalty in ",$M$3) | AA64: =IF(Y62>$B$1, ROUND(AA62*U64,0), 0)
M65: Contract Ends | O65: =Y62
M66: Years Penalized | O66: =O65-O64 | Q66: =CONCATENATE("Penalty in ",$M$3+1) | U66: =IF(Y62>$M$3,ROUND(AA62*(U64-0.1),0),0) | W66: =CONCATENATE("Penalty in ",$M$3+3) | AA66: =IF(Y62>$M$3+2,ROUND(AG62*(AA65-0.1),0),0)
Q67: =CONCATENATE("Penalty in ",$M$3+2) | U67: =IF(Y62>$M$3+1,ROUND(AA63*(U66-0.1),0),0) | W67: Total Penalty Left | AA67: =SUM(AA64+U66+U67+AA66)
M69: 3rd dropped contract | O69: Eloy Jimenez | Q69: 7 | S69: 2021 | U69: 6 | W69: =Y69-$B$1 | Y69: =S69+U69 | AA69: =IF(S69>=2014, IF(W69=0,0,IF(U69=1,Q69,IF(U69=2,Q69+5,IF(U69=3,Q69+10,IF(U69=4,Q69+15, IF(U69>4,Q69+U69*4)))))), IF(W69=0,0,IF(U69=1,Q69,IF(U69=2,Q69+4,IF(U69=3,Q69+8,IF(U69>3,Q69+U69*3))))))
M71: Year Dropped | O71: 2024 | P71: =CONCATENATE($M$3," Penalty % ") | U71: =(0.7-0.1*($M$3-(O71+1))) | V71: =CONCATENATE("Penalty in ",$M$3) | AA71: =IF(Y69>$B$1, ROUND(AA69*U71,0), 0)
M72: Contract Ends | O72: =Y69
M73: Years Penalized | O73: =O72-O71 | Q73: =CONCATENATE("Penalty in ",$M$3+1) | U73: =IF(Y69>$M$3,ROUND(AA69*(U71-0.1),0),0) | W73: =CONCATENATE("Penalty in ",$M$3+3) | AA73: =IF(Y69>$M$3+2,ROUND(AG69*(AA72-0.1),0),0)
Q74: =CONCATENATE("Penalty in ",$M$3+2) | U74: =IF(Y69>$M$3+1,ROUND(AA70*(U73-0.1),0),0) | W74: Total Penalty Left | AA74: =SUM(AA71+U73+U74+AA73)
M76: 4th dropped contract | W76: =Y76-$B$1 | Y76: =S76+U76 | AA76: =IF(S76>=2014, IF(W76=0,0,IF(U76=1,Q76,IF(U76=2,Q76+5,IF(U76=3,Q76+10,IF(U76=4,Q76+15, IF(U76>4,Q76+U76*4)))))), IF(W76=0,0,IF(U76=1,Q76,IF(U76=2,Q76+4,IF(U76=3,Q76+8,IF(U76>3,Q76+U76*3))))))
M78: Year Dropped | P78: =CONCATENATE($M$3," Penalty % ") | U78: =(0.7-0.1*($M$3-(O78+1))) | V78: =CONCATENATE("Penalty in ",$M$3) | AA78: =IF(Y76>$B$1, ROUND(AA76*U78,0), 0)
M79: Contract Ends | O79: =Y76
M80: Years Penalized | O80: =O79-O78 | Q80: =CONCATENATE("Penalty in ",$M$3+1) | U80: =IF(Y76>$M$3,ROUND(AA76*(U78-0.1),0),0) | W80: =CONCATENATE("Penalty in ",$M$3+3) | AA80: =IF(Y76>$M$3+2,ROUND(AG76*(AA79-0.1),0),0)
Q81: =CONCATENATE("Penalty in ",$M$3+2) | U81: =IF(Y76>$M$3+1,ROUND(AA77*(U80-0.1),0),0) | W81: Total Penalty Left | AA81: =SUM(AA78+U80+U81+AA80)

Sheet JJ (metropolitans)
B1: 2025 | C1: FINAL Roster | H1: BUDGET INFO. | M1: =CONCATENATE("Jon Jamgochian - Year",$B$1-2006," CONTRACT SHEET") | AC1: Metropolitans
B3: 1B,3B,CI | H3: =CONCATENATE($B$1," Base Draft Budget") | K3: 400 | M3: 2025 | O3: Player | Q3: Original Price | S3: Year Signed | U3: # of Years | W3: Years Left | Y3: Final Year | AA3: Price per year
B4: 1B,CI
B5: 1B,CI,OF
B6: 2B,3B,CI,MI | M6: 1st player contract -->> | O6: Colt Keith | Q6: 0 | S6: 2023 | U6: 4 | W6: =Y6-$B$1 | Y6: =S6+U6 | AA6: =IF(S6>=2014, IF(W6=0,0,IF(U6=1,Q6,IF(U6=2,Q6+5,IF(U6=3,Q6+10,IF(U6=4,Q6+15, IF(U6>4,Q6+U6*4)))))), IF(W6=0,0,IF(U6=1,Q6,IF(U6=2,Q6+4,IF(U6=3,Q6+8,IF(U6>3,Q6+U6*3))))))
B7: 2B,MI
B8: 3B,CI | H8: =CONCATENATE("Starting ",$B$1+1," Draft Budget") | K8: =K3+K5
B9: 3B,CI | M9: 2nd player contract -->> | O9: Francisco Lindor | Q9: 70 | S9: 2024 | U9: 2 | W9: =Y9-$B$1 | Y9: =S9+U9 | AA9: =IF(S9>=2014, IF(W9=0,0,IF(U9=1,Q9,IF(U9=2,Q9+5,IF(U9=3,Q9+10,IF(U9=4,Q9+15, IF(U9>4,Q9+U9*4)))))), IF(W9=0,0,IF(U9=1,Q9,IF(U9=2,Q9+4,IF(U9=3,Q9+8,IF(U9>3,Q9+U9*3))))))
B10: C
B11: C
B12: C,1B,CI | H12: Regular Contracts | K12: =SUM(AA6:AA49) | M12: 3rd player contract -->> | O12: Tyler Soderstrom | Q12: 4 | S12: 2024 | U12: 2 | W12: =Y12-$B$1 | Y12: =S12+U12 | AA12: =IF(S12>=2014, IF(W12=0,0,IF(U12=1,Q12,IF(U12=2,Q12+5,IF(U12=3,Q12+10,IF(U12=4,Q12+15, IF(U12>4,Q12+U12*4)))))), IF(W12=0,0,IF(U12=1,Q12,IF(U12=2,Q12+4,IF(U12=3,Q12+8,IF(U12>3,Q12+U12*3))))))
B13: OF
B14: OF | H14: Bad Contracts | K14: =SUM(AA57,AA64,AA71,AA78)
B15: OF | M15: 4th player contract -->> | O15: Josh Jung | Q15: 4 | S15: 2023 | U15: 4 | W15: =Y15-$B$1 | Y15: =S15+U15 | AA15: =IF(S15>=2014, IF(W15=0,0,IF(U15=1,Q15,IF(U15=2,Q15+5,IF(U15=3,Q15+10,IF(U15=4,Q15+15, IF(U15>4,Q15+U15*4)))))), IF(W15=0,0,IF(U15=1,Q15,IF(U15=2,Q15+4,IF(U15=3,Q15+8,IF(U15>3,Q15+U15*3))))))
B16: OF | H16: Farm Contracts | K16: =SUM(F38:F57)
B17: OF
B18: P | H18: =CONCATENATE($B$1+1," Auction Budget acquired by trade (Offseason Only)") | K18: ='Draft budget calc'!E10 | M18: 5th player contract -->> | W18: =Y18-$B$1 | Y18: =S18+U18 | AA18: =IF(S18>=2014, IF(W18=0,0,IF(U18=1,Q18,IF(U18=2,Q18+5,IF(U18=3,Q18+10,IF(U18=4,Q18+15, IF(U18>4,Q18+U18*4)))))), IF(W18=0,0,IF(U18=1,Q18,IF(U18=2,Q18+4,IF(U18=3,Q18+8,IF(U18>3,Q18+U18*3))))))
B19: P
B20: P
B21: P | H21: Min. IP Penalties | K21: =SUM(D66:E71) | M21: 6th player contract -->> | W21: =Y21-$B$1 | Y21: =S21+U21 | AA21: =IF(S21>=2014, IF(W21=0,0,IF(U21=1,Q21,IF(U21=2,Q21+5,IF(U21=3,Q21+10,IF(U21=4,Q21+15, IF(U21>4,Q21+U21*4)))))), IF(W21=0,0,IF(U21=1,Q21,IF(U21=2,Q21+4,IF(U21=3,Q21+8,IF(U21>3,Q21+U21*3))))))
B22: P
B23: P | H23: =CONCATENATE($B$1+1," Draft Budget Spent") | K23: =SUM(K12,K14,K16,K21,-K18)
B24: P | M24: 7th player contract -->> | W24: =Y24-$B$1 | Y24: =S24+U24 | AA24: =IF(S24>=2014, IF(W24=0,0,IF(U24=1,Q24,IF(U24=2,Q24+5,IF(U24=3,Q24+10,IF(U24=4,Q24+15, IF(U24>4,Q24+U24*4)))))), IF(W24=0,0,IF(U24=1,Q24,IF(U24=2,Q24+4,IF(U24=3,Q24+8,IF(U24>3,Q24+U24*3))))))
B25: P
B26: P
B27: P | H27: =CONCATENATE("Remaining ",$B$1+1," Auction Budget") | K27: =K8-K23 | M27: 8th player contract -->> | W27: =Y27-$B$1 | Y27: =S27+U27 | AA27: =IF(S27>=2014, IF(W27=0,0,IF(U27=1,Q27,IF(U27=2,Q27+5,IF(U27=3,Q27+10,IF(U27=4,Q27+15, IF(U27>4,Q27+U27*4)))))), IF(W27=0,0,IF(U27=1,Q27,IF(U27=2,Q27+4,IF(U27=3,Q27+8,IF(U27>3,Q27+U27*3))))))
B28: P
B29: P
B30: P | M30: 9th player contract -->> | W30: =Y30-$B$1 | Y30: =S30+U30 | AA30: =IF(S30>=2014, IF(W30=0,0,IF(U30=1,Q30,IF(U30=2,Q30+5,IF(U30=3,Q30+10,IF(U30=4,Q30+15, IF(U30>4,Q30+U30*4)))))), IF(W30=0,0,IF(U30=1,Q30,IF(U30=2,Q30+4,IF(U30=3,Q30+8,IF(U30>3,Q30+U30*3))))))
B31: P | H31: Roster Key
B32: SS,MI
B33: SS,MI | H33: Red = Under contract | M33: 10th player contract -->> | W33: =Y33-$B$1 | Y33: =S33+U33 | AA33: =IF(S33>=2014, IF(W33=0,0,IF(U33=1,Q33,IF(U33=2,Q33+5,IF(U33=3,Q33+10,IF(U33=4,Q33+15, IF(U33>4,Q33+U33*4)))))), IF(W33=0,0,IF(U33=1,Q33,IF(U33=2,Q33+4,IF(U33=3,Q33+8,IF(U33>3,Q33+U33*3))))))
B34: SS,MI | H34: =CONCATENATE("Blue = Free Agent - Not signable")
B35: DL 3 | H35: White = Signable
B36: DL 4 | J36: =CONCATENATE("Keep ",M3,"?") | M36: 11th player contract -->> | W36: =Y36-$B$1 | Y36: =S36+U36 | AA36: =IF(S36>=2014, IF(W36=0,0,IF(U36=1,Q36,IF(U36=2,Q36+5,IF(U36=3,Q36+10,IF(U36=4,Q36+15, IF(U36>4,Q36+U36*4)))))), IF(W36=0,0,IF(U36=1,Q36,IF(U36=2,Q36+4,IF(U36=3,Q36+8,IF(U36>3,Q36+U36*3))))))
B37: DL 5 | G37: Drafted | I37: MLB
B38: Farm 1
B39: Farm 2 | M39: 12th player contract -->> | W39: =Y39-$B$1 | Y39: =S39+U39 | AA39: =IF(S39>=2014, IF(W39=0,0,IF(U39=1,Q39,IF(U39=2,Q39+5,IF(U39=3,Q39+10,IF(U39=4,Q39+15, IF(U39>4,Q39+U39*4)))))), IF(W39=0,0,IF(U39=1,Q39,IF(U39=2,Q39+4,IF(U39=3,Q39+8,IF(U39>3,Q39+U39*3))))))
B40: Farm 3
B41: Farm 4
B42: Farm 5 | M42: 13th player contract -->> | W42: =Y42-$B$1 | Y42: =S42+U42 | AA42: =IF(S42>=2014, IF(W42=0,0,IF(U42=1,Q42,IF(U42=2,Q42+5,IF(U42=3,Q42+10,IF(U42=4,Q42+15, IF(U42>4,Q42+U42*4)))))), IF(W42=0,0,IF(U42=1,Q42,IF(U42=2,Q42+4,IF(U42=3,Q42+8,IF(U42>3,Q42+U42*3))))))
B43: Farm 6
B44: Farm 7
B45: Farm 8 | M45: 14th player contract -->> | W45: =Y45-$B$1 | Y45: =S45+U45 | AA45: =IF(S45>=2014, IF(W45=0,0,IF(U45=1,Q45,IF(U45=2,Q45+5,IF(U45=3,Q45+10,IF(U45=4,Q45+15, IF(U45>4,Q45+U45*4)))))), IF(W45=0,0,IF(U45=1,Q45,IF(U45=2,Q45+4,IF(U45=3,Q45+8,IF(U45>3,Q45+U45*3))))))
B46: Farm 9
B47: Farm 10
B48: Farm 11 | M48: 15th player contract -->> | W48: =Y48-$B$1 | Y48: =S48+U48 | AA48: =IF(S48>=2014, IF(W48=0,0,IF(U48=1,Q48,IF(U48=2,Q48+5,IF(U48=3,Q48+10,IF(U48=4,Q48+15, IF(U48>4,Q48+U48*4)))))), IF(W48=0,0,IF(U48=1,Q48,IF(U48=2,Q48+4,IF(U48=3,Q48+8,IF(U48>3,Q48+U48*3))))))
B49: Farm 12
B50: Farm 13
B51: Farm 14
B52: Farm 15 | M52: Buyouts
B53: Farm 16
B54: Farm 17 | Q54: Orig. price | S54: Yr signed | U54: Yrs | W54: Yrs left | Y54: Final Yr | AA54: Orig. sign
B55: Farm 18 | M55: 1st dropped contract | O55: Gleyber Torres | Q55: 5 | S55: 2019 | U55: 6 | W55: =Y55-$B$1 | Y55: =S55+U55 | AA55: =IF(S55>=2014, IF(W55=0,0,IF(U55=1,Q55,IF(U55=2,Q55+5,IF(U55=3,Q55+10,IF(U55=4,Q55+15, IF(U55>4,Q55+U55*4)))))), IF(W55=0,0,IF(U55=1,Q55,IF(U55=2,Q55+4,IF(U55=3,Q55+8,IF(U55>3,Q55+U55*3))))))
B56: Farm 19
B57: Farm 20 | M57: Year Dropped | O57: 2024 | P57: =CONCATENATE($M$3," Penalty % ") | U57: =(0.7-0.1*($M$3-(O57+1))) | V57: =CONCATENATE("Penalty in ",$M$3) | AA57: =IF(Y55>$B$1, ROUND(AA55*U57,0), 0)
F58: =$B$1+1 | G58: =$B$1+2 | I58: =$B$1+3 | J58: =$B$1+4 | M58: Contract Ends | O58: =Y55
B59: Buyout 1 | C59: =IF($AA$57>0,$O$55,"") | F59: =IF($AA$57>0,$AA$57,"") | G59: =IF($AA$57>0,$U$59,"") | I59: =IF($AA$57>0,$U$60,"") | J59: =IF($AA$57>0,$AA$59,"") | M59: Years Penalized | O59: =O58-O57 | Q59: =CONCATENATE("Penalty in ",$M$3+1) | U59: =IF(Y55>$M$3,ROUND(AA55*(U57-0.1),0),0) | W59: =CONCATENATE("Penalty in ",$M$3+3) | AA59: =IF(Y55>$M$3+2,ROUND(AG55*(AA58-0.1),0),0)
B60: Buyout 2 | C60: =IF($AA$64>0,$O$62,"") | F60: =IF($AA$64>0,$AA$64,"") | G60: =IF($AA$64>0,$U$66,"") | I60: =IF($AA$64>0,$U$67,"") | J60: =IF($AA$64>0,$AA$66,"") | Q60: =CONCATENATE("Penalty in ",$M$3+2) | U60: =IF(Y55>$M$3+1,ROUND(AA56*(U59-0.1),0),0) | W60: Total Penalty Left | AA60: =SUM(AA57+U59+U60+AA59)
B61: Buyout 3 | C61: =IF($AA$71>0,$O$69,"") | F61: =IF($AA$71>0,$AA$71,"") | G61: =IF($AA$71>0,$U$73,"") | I61: =IF($AA$71>0,$U$74,"") | J61: =IF($AA$71>0,$AA$73,"")
